candidate_id,source_category,model_family,exact_model_name,dataset_id,target_dependency,source_run_id,source_run_path,source_config_path,evaluation_protocol,seeds,fold_repeat_structure,standalone_balanced_accuracy,calibrated_balanced_accuracy,recorded_threshold,kaggle_public_score,oof_predictions,oof_row_count,test_probabilities,test_row_count,target_hash,train_row_identity_hash,test_row_identity_order_evidence,completion_status,artifact_integrity_status,dependency_on_other_candidates,initial_eligibility,eligibility_reason,recommended_track,initial_priority,compatibility_group,oof_probability_sha256,test_probability_sha256,notes
autogluon__ag_v3_catboost_cpu_s42_20260727_233810__catboost_c1_bag_l1,autogluon_atomic,CatBoost,CatBoost_c1_BAG_L1,v3_targeted_missingness,exploratory,ag-v3-catboost-cpu-s42-20260727-233810,artifacts/autogluon_runs/ag-v3-catboost-cpu-s42-20260727-233810,artifacts/autogluon_runs/ag-v3-catboost-cpu-s42-20260727-233810/resolved_config.yaml,AutoGluon 8-fold bagged OOF; balanced_accuracy leaderboard,42,1 x 8 bag folds,0.804133039863,,,,available,10000,missing,,e583aadf66d2a2236811d1e171492899dd596e7fc40a7cee7138e90c16b50966,0e90ca9310a1df3e1858fb004a4b5a86694da7ea08be95072d5ee7806ab3eb34,Dataset Package test_anchor_hash=5149a289f16b71509a923ccede164e58540b035e8fc6d9bac3eb036949f0491f; per-model test probabilities missing,completed,verified_oof_only,,conditionally_eligible,complete saved OOF but per-model test probabilities are not saved; import would require predictor inference,exploratory,C,G2_common_anchor_exploratory,728d25148ce565d759b98c6b1e839bd0199d8fd86c267f5c2ce86faceff5439b,,No predictor was loaded during this audit. Exact OOF duplicate of autogluon__ag_v3_catboost_cpu_s42_20260727_233810__weightedensemble_l2.
autogluon__ag_v3_catboost_cpu_s42_20260727_233810__weightedensemble_l2,autogluon_ensemble,weighted_ensemble,WeightedEnsemble_L2,v3_targeted_missingness,exploratory,ag-v3-catboost-cpu-s42-20260727-233810,artifacts/autogluon_runs/ag-v3-catboost-cpu-s42-20260727-233810,artifacts/autogluon_runs/ag-v3-catboost-cpu-s42-20260727-233810/resolved_config.yaml,AutoGluon 8-fold bagged OOF; balanced_accuracy leaderboard,42,1 x 8 bag folds,0.804133039863,0.891537171801,0.143,,available,10000,missing,,e583aadf66d2a2236811d1e171492899dd596e7fc40a7cee7138e90c16b50966,0e90ca9310a1df3e1858fb004a4b5a86694da7ea08be95072d5ee7806ab3eb34,Dataset Package test_anchor_hash=5149a289f16b71509a923ccede164e58540b035e8fc6d9bac3eb036949f0491f; per-model test probabilities missing,completed,verified_oof_only,autogluon__ag_v3_catboost_cpu_s42_20260727_233810__catboost_c1_bag_l1,ineligible,exact probability duplicate; retain only canonical representative,exclude,excluded,G2_common_anchor_exploratory,728d25148ce565d759b98c6b1e839bd0199d8fd86c267f5c2ce86faceff5439b,,No predictor was loaded during this audit. Exact OOF duplicate of autogluon__ag_v3_catboost_cpu_s42_20260727_233810__catboost_c1_bag_l1.
autogluon__ag_v3_focused_hybrid_smoke_s42_20260801_173849__extratrees_r42_bag_l1,autogluon_atomic,ExtraTrees,ExtraTrees_r42_BAG_L1,v3_targeted_missingness,exploratory,ag-v3-focused-hybrid-smoke-s42-20260801-173849,artifacts/autogluon_runs/ag-v3-focused-hybrid-smoke-s42-20260801-173849,artifacts/autogluon_runs/ag-v3-focused-hybrid-smoke-s42-20260801-173849/resolved_config.yaml,AutoGluon 8-fold bagged OOF; balanced_accuracy leaderboard,42,1 x 8 bag folds,0.728365930127,,,,available,10000,missing,,e583aadf66d2a2236811d1e171492899dd596e7fc40a7cee7138e90c16b50966,0e90ca9310a1df3e1858fb004a4b5a86694da7ea08be95072d5ee7806ab3eb34,Dataset Package test_anchor_hash=5149a289f16b71509a923ccede164e58540b035e8fc6d9bac3eb036949f0491f; per-model test probabilities missing,completed,verified_oof_only,,conditionally_eligible,complete saved OOF but per-model test probabilities are not saved; import would require predictor inference,exploratory,C,G2_common_anchor_exploratory,fedc72354b50b986c76a428f77d4d26c70e124b9c24b45867d051cea07c1a81b,,No predictor was loaded during this audit.
autogluon__ag_v3_focused_hybrid_smoke_s42_20260801_173849__extratreesgini_bag_l1,autogluon_atomic,ExtraTrees,ExtraTreesGini_BAG_L1,v3_targeted_missingness,exploratory,ag-v3-focused-hybrid-smoke-s42-20260801-173849,artifacts/autogluon_runs/ag-v3-focused-hybrid-smoke-s42-20260801-173849,artifacts/autogluon_runs/ag-v3-focused-hybrid-smoke-s42-20260801-173849/resolved_config.yaml,AutoGluon 8-fold bagged OOF; balanced_accuracy leaderboard,42,1 x 8 bag folds,0.617833166989,,,,available,10000,missing,,e583aadf66d2a2236811d1e171492899dd596e7fc40a7cee7138e90c16b50966,0e90ca9310a1df3e1858fb004a4b5a86694da7ea08be95072d5ee7806ab3eb34,Dataset Package test_anchor_hash=5149a289f16b71509a923ccede164e58540b035e8fc6d9bac3eb036949f0491f; per-model test probabilities missing,completed,verified_oof_only,,conditionally_eligible,complete saved OOF but per-model test probabilities are not saved; import would require predictor inference,exploratory,C,G2_common_anchor_exploratory,5ac70b5387dc92ca1eb82cdbe2b70c156065232a1b681d786c419d855574fedd,,No predictor was loaded during this audit.
autogluon__ag_v3_focused_hybrid_smoke_s42_20260801_173849__lightgbmprep_r13_bag_l1,autogluon_atomic,LightGBMPrep,LightGBMPrep_r13_BAG_L1,v3_targeted_missingness,exploratory,ag-v3-focused-hybrid-smoke-s42-20260801-173849,artifacts/autogluon_runs/ag-v3-focused-hybrid-smoke-s42-20260801-173849,artifacts/autogluon_runs/ag-v3-focused-hybrid-smoke-s42-20260801-173849/resolved_config.yaml,AutoGluon 8-fold bagged OOF; balanced_accuracy leaderboard,42,1 x 8 bag folds,0.815645359226,,,,available,10000,missing,,e583aadf66d2a2236811d1e171492899dd596e7fc40a7cee7138e90c16b50966,0e90ca9310a1df3e1858fb004a4b5a86694da7ea08be95072d5ee7806ab3eb34,Dataset Package test_anchor_hash=5149a289f16b71509a923ccede164e58540b035e8fc6d9bac3eb036949f0491f; per-model test probabilities missing,completed,verified_oof_only,,conditionally_eligible,complete saved OOF but per-model test probabilities are not saved; import would require predictor inference,exploratory,C,G2_common_anchor_exploratory,f97489cc730b8577a0612159cf784426765cf7ce95f2706b8a276e33a6177247,,No predictor was loaded during this audit. Exact OOF duplicate of autogluon__ag_v3_lightgbmprep_cpu_20260727_v2__lightgbmprep_r13_bag_l1.
autogluon__ag_v3_focused_hybrid_smoke_s42_20260801_173849__lightgbmprep_r31_bag_l1,autogluon_atomic,LightGBMPrep,LightGBMPrep_r31_BAG_L1,v3_targeted_missingness,exploratory,ag-v3-focused-hybrid-smoke-s42-20260801-173849,artifacts/autogluon_runs/ag-v3-focused-hybrid-smoke-s42-20260801-173849,artifacts/autogluon_runs/ag-v3-focused-hybrid-smoke-s42-20260801-173849/resolved_config.yaml,AutoGluon 8-fold bagged OOF; balanced_accuracy leaderboard,42,1 x 8 bag folds,0.825242630745,,,,available,10000,missing,,e583aadf66d2a2236811d1e171492899dd596e7fc40a7cee7138e90c16b50966,0e90ca9310a1df3e1858fb004a4b5a86694da7ea08be95072d5ee7806ab3eb34,Dataset Package test_anchor_hash=5149a289f16b71509a923ccede164e58540b035e8fc6d9bac3eb036949f0491f; per-model test probabilities missing,completed,verified_oof_only,,conditionally_eligible,complete saved OOF but per-model test probabilities are not saved; selected focused-run representative of duplicate predictions,exploratory,A,G2_common_anchor_exploratory,d3316cb5290500fd69a58c027e63554a733be23290381003ffbb6ee84cedfc58,,No predictor was loaded during this audit. Exact OOF duplicate of autogluon__ag_v3_lightgbmprep_cpu_20260727_v2__lightgbmprep_r31_bag_l1|autogluon__ag_v3_lightgbmprep_cpu_20260727_v2__weightedensemble_l2.
autogluon__ag_v3_focused_hybrid_smoke_s42_20260801_173849__lightgbmprep_r41_bag_l1,autogluon_atomic,LightGBMPrep,LightGBMPrep_r41_BAG_L1,v3_targeted_missingness,exploratory,ag-v3-focused-hybrid-smoke-s42-20260801-173849,artifacts/autogluon_runs/ag-v3-focused-hybrid-smoke-s42-20260801-173849,artifacts/autogluon_runs/ag-v3-focused-hybrid-smoke-s42-20260801-173849/resolved_config.yaml,AutoGluon 8-fold bagged OOF; balanced_accuracy leaderboard,42,1 x 8 bag folds,0.819227371172,,,,available,10000,missing,,e583aadf66d2a2236811d1e171492899dd596e7fc40a7cee7138e90c16b50966,0e90ca9310a1df3e1858fb004a4b5a86694da7ea08be95072d5ee7806ab3eb34,Dataset Package test_anchor_hash=5149a289f16b71509a923ccede164e58540b035e8fc6d9bac3eb036949f0491f; per-model test probabilities missing,completed,verified_oof_only,,conditionally_eligible,complete saved OOF but per-model test probabilities are not saved; import would require predictor inference,exploratory,C,G2_common_anchor_exploratory,a0e30ab2494c23c5ff59eb22257c61c9c5af9f7cfde7859b314e7cd5f33c692e,,No predictor was loaded during this audit. Exact OOF duplicate of autogluon__ag_v3_lightgbmprep_cpu_20260727_v2__lightgbmprep_r41_bag_l1.
autogluon__ag_v3_focused_hybrid_smoke_s42_20260801_173849__neuralnettorch_r31_bag_l1,autogluon_atomic,NeuralNetTorch,NeuralNetTorch_r31_BAG_L1,v3_targeted_missingness,exploratory,ag-v3-focused-hybrid-smoke-s42-20260801-173849,artifacts/autogluon_runs/ag-v3-focused-hybrid-smoke-s42-20260801-173849,artifacts/autogluon_runs/ag-v3-focused-hybrid-smoke-s42-20260801-173849/resolved_config.yaml,AutoGluon 8-fold bagged OOF; balanced_accuracy leaderboard,42,1 x 8 bag folds,0.820851812928,,,,available,10000,missing,,e583aadf66d2a2236811d1e171492899dd596e7fc40a7cee7138e90c16b50966,0e90ca9310a1df3e1858fb004a4b5a86694da7ea08be95072d5ee7806ab3eb34,Dataset Package test_anchor_hash=5149a289f16b71509a923ccede164e58540b035e8fc6d9bac3eb036949f0491f; per-model test probabilities missing,completed,verified_oof_only,,conditionally_eligible,complete saved OOF but per-model test probabilities are not saved; import would require predictor inference,exploratory,A,G2_common_anchor_exploratory,b6419897a4b546cc24c0805054f9fa12d3f806afe69cd9bb5b75205f95bc359a,,No predictor was loaded during this audit.
autogluon__ag_v3_focused_hybrid_smoke_s42_20260801_173849__neuralnettorch_r37_bag_l1,autogluon_atomic,NeuralNetTorch,NeuralNetTorch_r37_BAG_L1,v3_targeted_missingness,exploratory,ag-v3-focused-hybrid-smoke-s42-20260801-173849,artifacts/autogluon_runs/ag-v3-focused-hybrid-smoke-s42-20260801-173849,artifacts/autogluon_runs/ag-v3-focused-hybrid-smoke-s42-20260801-173849/resolved_config.yaml,AutoGluon 8-fold bagged OOF; balanced_accuracy leaderboard,42,1 x 8 bag folds,0.8135908469,,,,available,10000,missing,,e583aadf66d2a2236811d1e171492899dd596e7fc40a7cee7138e90c16b50966,0e90ca9310a1df3e1858fb004a4b5a86694da7ea08be95072d5ee7806ab3eb34,Dataset Package test_anchor_hash=5149a289f16b71509a923ccede164e58540b035e8fc6d9bac3eb036949f0491f; per-model test probabilities missing,completed,verified_oof_only,,conditionally_eligible,complete saved OOF but per-model test probabilities are not saved; import would require predictor inference,exploratory,C,G2_common_anchor_exploratory,bcfc4b27b5e9ee7ae0d196b1759c24f8b5129b5ba5da0778a05d30c85dacb2c5,,No predictor was loaded during this audit.
autogluon__ag_v3_focused_hybrid_smoke_s42_20260801_173849__realtabpfn_v2_r11_bag_l1,autogluon_atomic,RealTabPFN-v2,RealTabPFN-v2_r11_BAG_L1,v3_targeted_missingness,exploratory,ag-v3-focused-hybrid-smoke-s42-20260801-173849,artifacts/autogluon_runs/ag-v3-focused-hybrid-smoke-s42-20260801-173849,artifacts/autogluon_runs/ag-v3-focused-hybrid-smoke-s42-20260801-173849/resolved_config.yaml,AutoGluon 8-fold bagged OOF; balanced_accuracy leaderboard,42,1 x 8 bag folds,0.879624305156,,,,available,10000,missing,,e583aadf66d2a2236811d1e171492899dd596e7fc40a7cee7138e90c16b50966,0e90ca9310a1df3e1858fb004a4b5a86694da7ea08be95072d5ee7806ab3eb34,Dataset Package test_anchor_hash=5149a289f16b71509a923ccede164e58540b035e8fc6d9bac3eb036949f0491f; per-model test probabilities missing,completed,verified_oof_only,,conditionally_eligible,complete saved OOF but per-model test probabilities are not saved; selected focused-run representative of duplicate predictions,exploratory,A,G2_common_anchor_exploratory,92f6833da8901b7e6310cafecd309233a6fd3feaef9756e46064052169116e3e,,No predictor was loaded during this audit. Exact OOF duplicate of autogluon__ag_v3_realtabpfn_gpu_s42_20260727_233810__realtabpfn_v2_r11_bag_l1|autogluon__ag_v3_realtabpfn_gpu_s42_20260727_233810__weightedensemble_l2|autogluon__ag_v3_realtabpfn_gpu_s42_20260730_014242__weightedensemble_l2|autogluon__ag_v3_realtabpfn_gpu_s42_20260730_014242__realtabpfn_v2_r11_bag_l1.
autogluon__ag_v3_focused_hybrid_smoke_s42_20260801_173849__weightedensemble_l2,autogluon_ensemble,weighted_ensemble,WeightedEnsemble_L2,v3_targeted_missingness,exploratory,ag-v3-focused-hybrid-smoke-s42-20260801-173849,artifacts/autogluon_runs/ag-v3-focused-hybrid-smoke-s42-20260801-173849,artifacts/autogluon_runs/ag-v3-focused-hybrid-smoke-s42-20260801-173849/resolved_config.yaml,AutoGluon 8-fold bagged OOF; balanced_accuracy leaderboard,42,1 x 8 bag folds,0.881197631968,0.885054607065,0.36,,available,10000,missing,,e583aadf66d2a2236811d1e171492899dd596e7fc40a7cee7138e90c16b50966,0e90ca9310a1df3e1858fb004a4b5a86694da7ea08be95072d5ee7806ab3eb34,Dataset Package test_anchor_hash=5149a289f16b71509a923ccede164e58540b035e8fc6d9bac3eb036949f0491f; per-model test probabilities missing,completed,verified_oof_only,autogluon__ag_v3_focused_hybrid_smoke_s42_20260801_173849__neuralnettorch_r31_bag_l1|autogluon__ag_v3_focused_hybrid_smoke_s42_20260801_173849__realtabpfn_v2_r11_bag_l1,conditionally_eligible,complete saved OOF but per-model test probabilities are not saved; import would require predictor inference,exploratory,A,G2_common_anchor_exploratory,8dca35de83e115c14b55dc282adcc63ddefcff6cd595c67c390c85789d08dee4,,No predictor was loaded during this audit.
autogluon__ag_v3_focused_hybrid_smoke_s42_20260801_173849__xgboost_bag_l1,autogluon_atomic,XGBoost,XGBoost_BAG_L1,v3_targeted_missingness,exploratory,ag-v3-focused-hybrid-smoke-s42-20260801-173849,artifacts/autogluon_runs/ag-v3-focused-hybrid-smoke-s42-20260801-173849,artifacts/autogluon_runs/ag-v3-focused-hybrid-smoke-s42-20260801-173849/resolved_config.yaml,AutoGluon 8-fold bagged OOF; balanced_accuracy leaderboard,42,1 x 8 bag folds,0.803096640294,,,,available,10000,missing,,e583aadf66d2a2236811d1e171492899dd596e7fc40a7cee7138e90c16b50966,0e90ca9310a1df3e1858fb004a4b5a86694da7ea08be95072d5ee7806ab3eb34,Dataset Package test_anchor_hash=5149a289f16b71509a923ccede164e58540b035e8fc6d9bac3eb036949f0491f; per-model test probabilities missing,completed,verified_oof_only,,conditionally_eligible,complete saved OOF but per-model test probabilities are not saved; import would require predictor inference,exploratory,C,G2_common_anchor_exploratory,eb2c89c6f776f256effd2b843f8d0ba86994c28716ffa4e9f90dff384cbde33e,,No predictor was loaded during this audit.
autogluon__ag_v3_focused_hybrid_smoke_s42_20260801_173849__xgboost_r33_bag_l1,autogluon_atomic,XGBoost,XGBoost_r33_BAG_L1,v3_targeted_missingness,exploratory,ag-v3-focused-hybrid-smoke-s42-20260801-173849,artifacts/autogluon_runs/ag-v3-focused-hybrid-smoke-s42-20260801-173849,artifacts/autogluon_runs/ag-v3-focused-hybrid-smoke-s42-20260801-173849/resolved_config.yaml,AutoGluon 8-fold bagged OOF; balanced_accuracy leaderboard,42,1 x 8 bag folds,0.790032365454,,,,available,10000,missing,,e583aadf66d2a2236811d1e171492899dd596e7fc40a7cee7138e90c16b50966,0e90ca9310a1df3e1858fb004a4b5a86694da7ea08be95072d5ee7806ab3eb34,Dataset Package test_anchor_hash=5149a289f16b71509a923ccede164e58540b035e8fc6d9bac3eb036949f0491f; per-model test probabilities missing,completed,verified_oof_only,,conditionally_eligible,complete saved OOF but per-model test probabilities are not saved; import would require predictor inference,exploratory,C,G2_common_anchor_exploratory,3061e2e22afa8be6b4ec0718f3fa503affe08edf11683f179ca5fe5f7d461cf7,,No predictor was loaded during this audit.
autogluon__ag_v3_focused_hybrid_smoke_s42_20260801_173849__xgboost_r89_bag_l1,autogluon_atomic,XGBoost,XGBoost_r89_BAG_L1,v3_targeted_missingness,exploratory,ag-v3-focused-hybrid-smoke-s42-20260801-173849,artifacts/autogluon_runs/ag-v3-focused-hybrid-smoke-s42-20260801-173849,artifacts/autogluon_runs/ag-v3-focused-hybrid-smoke-s42-20260801-173849/resolved_config.yaml,AutoGluon 8-fold bagged OOF; balanced_accuracy leaderboard,42,1 x 8 bag folds,0.808269384572,,,,available,10000,missing,,e583aadf66d2a2236811d1e171492899dd596e7fc40a7cee7138e90c16b50966,0e90ca9310a1df3e1858fb004a4b5a86694da7ea08be95072d5ee7806ab3eb34,Dataset Package test_anchor_hash=5149a289f16b71509a923ccede164e58540b035e8fc6d9bac3eb036949f0491f; per-model test probabilities missing,completed,verified_oof_only,,conditionally_eligible,complete saved OOF but per-model test probabilities are not saved; import would require predictor inference,exploratory,C,G2_common_anchor_exploratory,0f435d345d14e9d128a38473e7d25eb57a6a9d7d5c8504b68ec434b5969b67af,,No predictor was loaded during this audit.
autogluon__ag_v3_lightgbmprep_cpu_20260727__lightgbmprep_r31_bag_l1,autogluon_atomic,LightGBMPrep,LightGBMPrep_r31_BAG_L1,v3_targeted_missingness,exploratory,ag-v3-lightgbmprep-cpu-20260727,artifacts/autogluon_runs/ag-v3-lightgbmprep-cpu-20260727,artifacts/autogluon_runs/ag-v3-lightgbmprep-cpu-20260727/resolved_config.yaml,AutoGluon attempted bagged run,42,,,,,,missing,,missing,,,,none,incomplete,"missing worker_result, predictor, leaderboard, and _SUCCESS",,ineligible,incomplete run,exclude,excluded,G3_identity_unproven,,,Could not inspect as a completed candidate without loading or generating anything.
autogluon__ag_v3_lightgbmprep_cpu_20260727_v2__lightgbmprep_r13_bag_l1,autogluon_atomic,LightGBMPrep,LightGBMPrep_r13_BAG_L1,v3_targeted_missingness,exploratory,ag-v3-lightgbmprep-cpu-20260727-v2,artifacts/autogluon_runs/ag-v3-lightgbmprep-cpu-20260727-v2,artifacts/autogluon_runs/ag-v3-lightgbmprep-cpu-20260727-v2/resolved_config.yaml,AutoGluon 8-fold bagged OOF; balanced_accuracy leaderboard,42,1 x 8 bag folds,0.815645359226,,,,available,10000,missing,,e583aadf66d2a2236811d1e171492899dd596e7fc40a7cee7138e90c16b50966,0e90ca9310a1df3e1858fb004a4b5a86694da7ea08be95072d5ee7806ab3eb34,Dataset Package test_anchor_hash=5149a289f16b71509a923ccede164e58540b035e8fc6d9bac3eb036949f0491f; per-model test probabilities missing,completed,verified_oof_only,,ineligible,exact probability duplicate; retain only canonical representative,exclude,excluded,G2_common_anchor_exploratory,f97489cc730b8577a0612159cf784426765cf7ce95f2706b8a276e33a6177247,,No predictor was loaded during this audit. Exact OOF duplicate of autogluon__ag_v3_focused_hybrid_smoke_s42_20260801_173849__lightgbmprep_r13_bag_l1.
autogluon__ag_v3_lightgbmprep_cpu_20260727_v2__lightgbmprep_r14_bag_l1,autogluon_atomic,LightGBMPrep,LightGBMPrep_r14_BAG_L1,v3_targeted_missingness,exploratory,ag-v3-lightgbmprep-cpu-20260727-v2,artifacts/autogluon_runs/ag-v3-lightgbmprep-cpu-20260727-v2,artifacts/autogluon_runs/ag-v3-lightgbmprep-cpu-20260727-v2/resolved_config.yaml,AutoGluon 8-fold bagged OOF; balanced_accuracy leaderboard,42,1 x 8 bag folds,0.807751845756,,,,available,10000,missing,,e583aadf66d2a2236811d1e171492899dd596e7fc40a7cee7138e90c16b50966,0e90ca9310a1df3e1858fb004a4b5a86694da7ea08be95072d5ee7806ab3eb34,Dataset Package test_anchor_hash=5149a289f16b71509a923ccede164e58540b035e8fc6d9bac3eb036949f0491f; per-model test probabilities missing,completed,verified_oof_only,,conditionally_eligible,complete saved OOF but per-model test probabilities are not saved; import would require predictor inference,exploratory,C,G2_common_anchor_exploratory,694e0c6aec2926a92f6e6c98161ec1adbb7ae1650af9d504b07a904920811fbc,,No predictor was loaded during this audit.
autogluon__ag_v3_lightgbmprep_cpu_20260727_v2__lightgbmprep_r17_bag_l1,autogluon_atomic,LightGBMPrep,LightGBMPrep_r17_BAG_L1,v3_targeted_missingness,exploratory,ag-v3-lightgbmprep-cpu-20260727-v2,artifacts/autogluon_runs/ag-v3-lightgbmprep-cpu-20260727-v2,artifacts/autogluon_runs/ag-v3-lightgbmprep-cpu-20260727-v2/resolved_config.yaml,AutoGluon 8-fold bagged OOF; balanced_accuracy leaderboard,42,1 x 8 bag folds,0.821105625067,,,,available,10000,missing,,e583aadf66d2a2236811d1e171492899dd596e7fc40a7cee7138e90c16b50966,0e90ca9310a1df3e1858fb004a4b5a86694da7ea08be95072d5ee7806ab3eb34,Dataset Package test_anchor_hash=5149a289f16b71509a923ccede164e58540b035e8fc6d9bac3eb036949f0491f; per-model test probabilities missing,completed,verified_oof_only,,conditionally_eligible,complete saved OOF but per-model test probabilities are not saved; import would require predictor inference,exploratory,C,G2_common_anchor_exploratory,c72089991e305098934a034421db28307f58ba6b98e6fa19e73fd1cd6bf79c09,,No predictor was loaded during this audit.
autogluon__ag_v3_lightgbmprep_cpu_20260727_v2__lightgbmprep_r19_bag_l1,autogluon_atomic,LightGBMPrep,LightGBMPrep_r19_BAG_L1,v3_targeted_missingness,exploratory,ag-v3-lightgbmprep-cpu-20260727-v2,artifacts/autogluon_runs/ag-v3-lightgbmprep-cpu-20260727-v2,artifacts/autogluon_runs/ag-v3-lightgbmprep-cpu-20260727-v2/resolved_config.yaml,AutoGluon 8-fold bagged OOF; balanced_accuracy leaderboard,42,1 x 8 bag folds,0.819898034498,,,,available,10000,missing,,e583aadf66d2a2236811d1e171492899dd596e7fc40a7cee7138e90c16b50966,0e90ca9310a1df3e1858fb004a4b5a86694da7ea08be95072d5ee7806ab3eb34,Dataset Package test_anchor_hash=5149a289f16b71509a923ccede164e58540b035e8fc6d9bac3eb036949f0491f; per-model test probabilities missing,completed,verified_oof_only,,conditionally_eligible,complete saved OOF but per-model test probabilities are not saved; import would require predictor inference,exploratory,C,G2_common_anchor_exploratory,1b08ee8be6eb48bad3ff7f22a10025eff54cc017498a80b5a85a2e003208d2e0,,No predictor was loaded during this audit.
autogluon__ag_v3_lightgbmprep_cpu_20260727_v2__lightgbmprep_r1_bag_l1,autogluon_atomic,LightGBMPrep,LightGBMPrep_r1_BAG_L1,v3_targeted_missingness,exploratory,ag-v3-lightgbmprep-cpu-20260727-v2,artifacts/autogluon_runs/ag-v3-lightgbmprep-cpu-20260727-v2,artifacts/autogluon_runs/ag-v3-lightgbmprep-cpu-20260727-v2/resolved_config.yaml,AutoGluon 8-fold bagged OOF; balanced_accuracy leaderboard,42,1 x 8 bag folds,0.808135648488,,,,available,10000,missing,,e583aadf66d2a2236811d1e171492899dd596e7fc40a7cee7138e90c16b50966,0e90ca9310a1df3e1858fb004a4b5a86694da7ea08be95072d5ee7806ab3eb34,Dataset Package test_anchor_hash=5149a289f16b71509a923ccede164e58540b035e8fc6d9bac3eb036949f0491f; per-model test probabilities missing,completed,verified_oof_only,,conditionally_eligible,complete saved OOF but per-model test probabilities are not saved; import would require predictor inference,exploratory,C,G2_common_anchor_exploratory,a0913b70ea4ae09043be1694b341a491415fe5afb1ccbd83052fb1d74bb2d66e,,No predictor was loaded during this audit.
autogluon__ag_v3_lightgbmprep_cpu_20260727_v2__lightgbmprep_r21_bag_l1,autogluon_atomic,LightGBMPrep,LightGBMPrep_r21_BAG_L1,v3_targeted_missingness,exploratory,ag-v3-lightgbmprep-cpu-20260727-v2,artifacts/autogluon_runs/ag-v3-lightgbmprep-cpu-20260727-v2,artifacts/autogluon_runs/ag-v3-lightgbmprep-cpu-20260727-v2/resolved_config.yaml,AutoGluon 8-fold bagged OOF; balanced_accuracy leaderboard,42,1 x 8 bag folds,0.791373692107,,,,available,10000,missing,,e583aadf66d2a2236811d1e171492899dd596e7fc40a7cee7138e90c16b50966,0e90ca9310a1df3e1858fb004a4b5a86694da7ea08be95072d5ee7806ab3eb34,Dataset Package test_anchor_hash=5149a289f16b71509a923ccede164e58540b035e8fc6d9bac3eb036949f0491f; per-model test probabilities missing,completed,verified_oof_only,,conditionally_eligible,complete saved OOF but per-model test probabilities are not saved; import would require predictor inference,exploratory,C,G2_common_anchor_exploratory,193454181459da1bc73a5cf974b3a29c0e0e2cef5273c76c9b0346562c9e971f,,No predictor was loaded during this audit.
autogluon__ag_v3_lightgbmprep_cpu_20260727_v2__lightgbmprep_r27_bag_l1,autogluon_atomic,LightGBMPrep,LightGBMPrep_r27_BAG_L1,v3_targeted_missingness,exploratory,ag-v3-lightgbmprep-cpu-20260727-v2,artifacts/autogluon_runs/ag-v3-lightgbmprep-cpu-20260727-v2,artifacts/autogluon_runs/ag-v3-lightgbmprep-cpu-20260727-v2/resolved_config.yaml,AutoGluon 8-fold bagged OOF; balanced_accuracy leaderboard,42,1 x 8 bag folds,0.79804022658,,,,available,10000,missing,,e583aadf66d2a2236811d1e171492899dd596e7fc40a7cee7138e90c16b50966,0e90ca9310a1df3e1858fb004a4b5a86694da7ea08be95072d5ee7806ab3eb34,Dataset Package test_anchor_hash=5149a289f16b71509a923ccede164e58540b035e8fc6d9bac3eb036949f0491f; per-model test probabilities missing,completed,verified_oof_only,,conditionally_eligible,complete saved OOF but per-model test probabilities are not saved; import would require predictor inference,exploratory,C,G2_common_anchor_exploratory,19a0ec0161f3d76f584eaae5cce9d0cc6ac510957b55b260c2bae74d79857e13,,No predictor was loaded during this audit.
autogluon__ag_v3_lightgbmprep_cpu_20260727_v2__lightgbmprep_r31_bag_l1,autogluon_atomic,LightGBMPrep,LightGBMPrep_r31_BAG_L1,v3_targeted_missingness,exploratory,ag-v3-lightgbmprep-cpu-20260727-v2,artifacts/autogluon_runs/ag-v3-lightgbmprep-cpu-20260727-v2,artifacts/autogluon_runs/ag-v3-lightgbmprep-cpu-20260727-v2/resolved_config.yaml,AutoGluon 8-fold bagged OOF; balanced_accuracy leaderboard,42,1 x 8 bag folds,0.825242630745,,,,available,10000,missing,,e583aadf66d2a2236811d1e171492899dd596e7fc40a7cee7138e90c16b50966,0e90ca9310a1df3e1858fb004a4b5a86694da7ea08be95072d5ee7806ab3eb34,Dataset Package test_anchor_hash=5149a289f16b71509a923ccede164e58540b035e8fc6d9bac3eb036949f0491f; per-model test probabilities missing,completed,verified_oof_only,,ineligible,exact probability duplicate; retain only canonical representative,exclude,excluded,G2_common_anchor_exploratory,d3316cb5290500fd69a58c027e63554a733be23290381003ffbb6ee84cedfc58,,No predictor was loaded during this audit. Exact OOF duplicate of autogluon__ag_v3_focused_hybrid_smoke_s42_20260801_173849__lightgbmprep_r31_bag_l1|autogluon__ag_v3_lightgbmprep_cpu_20260727_v2__weightedensemble_l2.
autogluon__ag_v3_lightgbmprep_cpu_20260727_v2__lightgbmprep_r32_bag_l1,autogluon_atomic,LightGBMPrep,LightGBMPrep_r32_BAG_L1,v3_targeted_missingness,exploratory,ag-v3-lightgbmprep-cpu-20260727-v2,artifacts/autogluon_runs/ag-v3-lightgbmprep-cpu-20260727-v2,artifacts/autogluon_runs/ag-v3-lightgbmprep-cpu-20260727-v2/resolved_config.yaml,AutoGluon 8-fold bagged OOF; balanced_accuracy leaderboard,42,1 x 8 bag folds,0.813710922955,,,,available,10000,missing,,e583aadf66d2a2236811d1e171492899dd596e7fc40a7cee7138e90c16b50966,0e90ca9310a1df3e1858fb004a4b5a86694da7ea08be95072d5ee7806ab3eb34,Dataset Package test_anchor_hash=5149a289f16b71509a923ccede164e58540b035e8fc6d9bac3eb036949f0491f; per-model test probabilities missing,completed,verified_oof_only,,conditionally_eligible,complete saved OOF but per-model test probabilities are not saved; import would require predictor inference,exploratory,C,G2_common_anchor_exploratory,21ed22f214aa8886c3b8864ffb6a4a3251092ed2517618c7499caa5cd5913cef,,No predictor was loaded during this audit.
autogluon__ag_v3_lightgbmprep_cpu_20260727_v2__lightgbmprep_r34_bag_l1,autogluon_atomic,LightGBMPrep,LightGBMPrep_r34_BAG_L1,v3_targeted_missingness,exploratory,ag-v3-lightgbmprep-cpu-20260727-v2,artifacts/autogluon_runs/ag-v3-lightgbmprep-cpu-20260727-v2,artifacts/autogluon_runs/ag-v3-lightgbmprep-cpu-20260727-v2/resolved_config.yaml,AutoGluon 8-fold bagged OOF; balanced_accuracy leaderboard,42,1 x 8 bag folds,0.817714192549,,,,available,10000,missing,,e583aadf66d2a2236811d1e171492899dd596e7fc40a7cee7138e90c16b50966,0e90ca9310a1df3e1858fb004a4b5a86694da7ea08be95072d5ee7806ab3eb34,Dataset Package test_anchor_hash=5149a289f16b71509a923ccede164e58540b035e8fc6d9bac3eb036949f0491f; per-model test probabilities missing,completed,verified_oof_only,,conditionally_eligible,complete saved OOF but per-model test probabilities are not saved; import would require predictor inference,exploratory,C,G2_common_anchor_exploratory,4d6444cf33d5db1a77d826b04bc84cdc7ea4311885c9ce1308dbd638a757c2a3,,No predictor was loaded during this audit.
autogluon__ag_v3_lightgbmprep_cpu_20260727_v2__lightgbmprep_r37_bag_l1,autogluon_atomic,LightGBMPrep,LightGBMPrep_r37_BAG_L1,v3_targeted_missingness,exploratory,ag-v3-lightgbmprep-cpu-20260727-v2,artifacts/autogluon_runs/ag-v3-lightgbmprep-cpu-20260727-v2,artifacts/autogluon_runs/ag-v3-lightgbmprep-cpu-20260727-v2/resolved_config.yaml,AutoGluon 8-fold bagged OOF; balanced_accuracy leaderboard,42,1 x 8 bag folds,0.771144732407,,,,available,10000,missing,,e583aadf66d2a2236811d1e171492899dd596e7fc40a7cee7138e90c16b50966,0e90ca9310a1df3e1858fb004a4b5a86694da7ea08be95072d5ee7806ab3eb34,Dataset Package test_anchor_hash=5149a289f16b71509a923ccede164e58540b035e8fc6d9bac3eb036949f0491f; per-model test probabilities missing,completed,verified_oof_only,,conditionally_eligible,complete saved OOF but per-model test probabilities are not saved; import would require predictor inference,exploratory,C,G2_common_anchor_exploratory,7fab88a586ba18923b18090ac913e26b4951778a509cd3e9103a9172aa7adcff,,No predictor was loaded during this audit.
autogluon__ag_v3_lightgbmprep_cpu_20260727_v2__lightgbmprep_r41_bag_l1,autogluon_atomic,LightGBMPrep,LightGBMPrep_r41_BAG_L1,v3_targeted_missingness,exploratory,ag-v3-lightgbmprep-cpu-20260727-v2,artifacts/autogluon_runs/ag-v3-lightgbmprep-cpu-20260727-v2,artifacts/autogluon_runs/ag-v3-lightgbmprep-cpu-20260727-v2/resolved_config.yaml,AutoGluon 8-fold bagged OOF; balanced_accuracy leaderboard,42,1 x 8 bag folds,0.819227371172,,,,available,10000,missing,,e583aadf66d2a2236811d1e171492899dd596e7fc40a7cee7138e90c16b50966,0e90ca9310a1df3e1858fb004a4b5a86694da7ea08be95072d5ee7806ab3eb34,Dataset Package test_anchor_hash=5149a289f16b71509a923ccede164e58540b035e8fc6d9bac3eb036949f0491f; per-model test probabilities missing,completed,verified_oof_only,,ineligible,exact probability duplicate; retain only canonical representative,exclude,excluded,G2_common_anchor_exploratory,a0e30ab2494c23c5ff59eb22257c61c9c5af9f7cfde7859b314e7cd5f33c692e,,No predictor was loaded during this audit. Exact OOF duplicate of autogluon__ag_v3_focused_hybrid_smoke_s42_20260801_173849__lightgbmprep_r41_bag_l1.
autogluon__ag_v3_lightgbmprep_cpu_20260727_v2__lightgbmprep_r47_bag_l1,autogluon_atomic,LightGBMPrep,LightGBMPrep_r47_BAG_L1,v3_targeted_missingness,exploratory,ag-v3-lightgbmprep-cpu-20260727-v2,artifacts/autogluon_runs/ag-v3-lightgbmprep-cpu-20260727-v2,artifacts/autogluon_runs/ag-v3-lightgbmprep-cpu-20260727-v2/resolved_config.yaml,AutoGluon 8-fold bagged OOF; balanced_accuracy leaderboard,42,1 x 8 bag folds,0.762772456976,,,,available,10000,missing,,e583aadf66d2a2236811d1e171492899dd596e7fc40a7cee7138e90c16b50966,0e90ca9310a1df3e1858fb004a4b5a86694da7ea08be95072d5ee7806ab3eb34,Dataset Package test_anchor_hash=5149a289f16b71509a923ccede164e58540b035e8fc6d9bac3eb036949f0491f; per-model test probabilities missing,completed,verified_oof_only,,conditionally_eligible,complete saved OOF but per-model test probabilities are not saved; import would require predictor inference,exploratory,C,G2_common_anchor_exploratory,c8b607e338c56a5212ea65ef1f2bd7a8647c55246d29751701a9e7f049659135,,No predictor was loaded during this audit.
autogluon__ag_v3_lightgbmprep_cpu_20260727_v2__lightgbmprep_r7_bag_l1,autogluon_atomic,LightGBMPrep,LightGBMPrep_r7_BAG_L1,v3_targeted_missingness,exploratory,ag-v3-lightgbmprep-cpu-20260727-v2,artifacts/autogluon_runs/ag-v3-lightgbmprep-cpu-20260727-v2,artifacts/autogluon_runs/ag-v3-lightgbmprep-cpu-20260727-v2/resolved_config.yaml,AutoGluon 8-fold bagged OOF; balanced_accuracy leaderboard,42,1 x 8 bag folds,0.809170726119,,,,available,10000,missing,,e583aadf66d2a2236811d1e171492899dd596e7fc40a7cee7138e90c16b50966,0e90ca9310a1df3e1858fb004a4b5a86694da7ea08be95072d5ee7806ab3eb34,Dataset Package test_anchor_hash=5149a289f16b71509a923ccede164e58540b035e8fc6d9bac3eb036949f0491f; per-model test probabilities missing,completed,verified_oof_only,,conditionally_eligible,complete saved OOF but per-model test probabilities are not saved; import would require predictor inference,exploratory,C,G2_common_anchor_exploratory,e4fc1cc38125ef860ccf3b81c90bc63b1e31b4d25d3b21d57c9a440740944e11,,No predictor was loaded during this audit.
autogluon__ag_v3_lightgbmprep_cpu_20260727_v2__weightedensemble_l2,autogluon_ensemble,weighted_ensemble,WeightedEnsemble_L2,v3_targeted_missingness,exploratory,ag-v3-lightgbmprep-cpu-20260727-v2,artifacts/autogluon_runs/ag-v3-lightgbmprep-cpu-20260727-v2,artifacts/autogluon_runs/ag-v3-lightgbmprep-cpu-20260727-v2/resolved_config.yaml,AutoGluon 8-fold bagged OOF; balanced_accuracy leaderboard,42,1 x 8 bag folds,0.825242630745,0.895902211823,0.102,,available,10000,missing,,e583aadf66d2a2236811d1e171492899dd596e7fc40a7cee7138e90c16b50966,0e90ca9310a1df3e1858fb004a4b5a86694da7ea08be95072d5ee7806ab3eb34,Dataset Package test_anchor_hash=5149a289f16b71509a923ccede164e58540b035e8fc6d9bac3eb036949f0491f; per-model test probabilities missing,completed,verified_oof_only,autogluon__ag_v3_lightgbmprep_cpu_20260727_v2__lightgbmprep_r31_bag_l1,ineligible,exact probability duplicate; retain only canonical representative,exclude,excluded,G2_common_anchor_exploratory,d3316cb5290500fd69a58c027e63554a733be23290381003ffbb6ee84cedfc58,,No predictor was loaded during this audit. Exact OOF duplicate of autogluon__ag_v3_focused_hybrid_smoke_s42_20260801_173849__lightgbmprep_r31_bag_l1|autogluon__ag_v3_lightgbmprep_cpu_20260727_v2__lightgbmprep_r31_bag_l1.
autogluon__ag_v3_realtabpfn_gpu_s42_20260727_233810__realtabpfn_v2_c1_bag_l1,autogluon_atomic,RealTabPFN-v2,RealTabPFN-v2_c1_BAG_L1,v3_targeted_missingness,exploratory,ag-v3-realtabpfn-gpu-s42-20260727-233810,artifacts/autogluon_runs/ag-v3-realtabpfn-gpu-s42-20260727-233810,artifacts/autogluon_runs/ag-v3-realtabpfn-gpu-s42-20260727-233810/resolved_config.yaml,AutoGluon 8-fold bagged OOF; balanced_accuracy leaderboard,42,1 x 8 bag folds,0.787329662752,,,,available,10000,missing,,e583aadf66d2a2236811d1e171492899dd596e7fc40a7cee7138e90c16b50966,0e90ca9310a1df3e1858fb004a4b5a86694da7ea08be95072d5ee7806ab3eb34,Dataset Package test_anchor_hash=5149a289f16b71509a923ccede164e58540b035e8fc6d9bac3eb036949f0491f; per-model test probabilities missing,completed,verified_oof_only,,conditionally_eligible,complete saved OOF but per-model test probabilities are not saved; import would require predictor inference,exploratory,C,G2_common_anchor_exploratory,ccffd45c532aee2912d0c2a70d3a264b19d0cf09eba30d78bbd85db4244378a5,,No predictor was loaded during this audit. Exact OOF duplicate of autogluon__ag_v3_realtabpfn_gpu_s42_20260730_014242__realtabpfn_v2_c1_bag_l1.
autogluon__ag_v3_realtabpfn_gpu_s42_20260727_233810__realtabpfn_v2_r106_bag_l1,autogluon_atomic,RealTabPFN-v2,RealTabPFN-v2_r106_BAG_L1,v3_targeted_missingness,exploratory,ag-v3-realtabpfn-gpu-s42-20260727-233810,artifacts/autogluon_runs/ag-v3-realtabpfn-gpu-s42-20260727-233810,artifacts/autogluon_runs/ag-v3-realtabpfn-gpu-s42-20260727-233810/resolved_config.yaml,AutoGluon 8-fold bagged OOF; balanced_accuracy leaderboard,42,1 x 8 bag folds,0.787885317452,,,,available,10000,missing,,e583aadf66d2a2236811d1e171492899dd596e7fc40a7cee7138e90c16b50966,0e90ca9310a1df3e1858fb004a4b5a86694da7ea08be95072d5ee7806ab3eb34,Dataset Package test_anchor_hash=5149a289f16b71509a923ccede164e58540b035e8fc6d9bac3eb036949f0491f; per-model test probabilities missing,completed,verified_oof_only,,conditionally_eligible,complete saved OOF but per-model test probabilities are not saved; import would require predictor inference,exploratory,C,G2_common_anchor_exploratory,c0cc6a8d5316e59fe1c3d7757b8b1c001deee273bce0e8fae24ee734de06a2a6,,No predictor was loaded during this audit. Exact OOF duplicate of autogluon__ag_v3_realtabpfn_gpu_s42_20260730_014242__realtabpfn_v2_r106_bag_l1.
autogluon__ag_v3_realtabpfn_gpu_s42_20260727_233810__realtabpfn_v2_r11_bag_l1,autogluon_atomic,RealTabPFN-v2,RealTabPFN-v2_r11_BAG_L1,v3_targeted_missingness,exploratory,ag-v3-realtabpfn-gpu-s42-20260727-233810,artifacts/autogluon_runs/ag-v3-realtabpfn-gpu-s42-20260727-233810,artifacts/autogluon_runs/ag-v3-realtabpfn-gpu-s42-20260727-233810/resolved_config.yaml,AutoGluon 8-fold bagged OOF; balanced_accuracy leaderboard,42,1 x 8 bag folds,0.879624305156,,,,available,10000,missing,,e583aadf66d2a2236811d1e171492899dd596e7fc40a7cee7138e90c16b50966,0e90ca9310a1df3e1858fb004a4b5a86694da7ea08be95072d5ee7806ab3eb34,Dataset Package test_anchor_hash=5149a289f16b71509a923ccede164e58540b035e8fc6d9bac3eb036949f0491f; per-model test probabilities missing,completed,verified_oof_only,,ineligible,exact probability duplicate; retain only canonical representative,exclude,excluded,G2_common_anchor_exploratory,92f6833da8901b7e6310cafecd309233a6fd3feaef9756e46064052169116e3e,,No predictor was loaded during this audit. Exact OOF duplicate of autogluon__ag_v3_focused_hybrid_smoke_s42_20260801_173849__realtabpfn_v2_r11_bag_l1|autogluon__ag_v3_realtabpfn_gpu_s42_20260727_233810__weightedensemble_l2|autogluon__ag_v3_realtabpfn_gpu_s42_20260730_014242__weightedensemble_l2|autogluon__ag_v3_realtabpfn_gpu_s42_20260730_014242__realtabpfn_v2_r11_bag_l1.
autogluon__ag_v3_realtabpfn_gpu_s42_20260727_233810__realtabpfn_v2_r13_bag_l1,autogluon_atomic,RealTabPFN-v2,RealTabPFN-v2_r13_BAG_L1,v3_targeted_missingness,exploratory,ag-v3-realtabpfn-gpu-s42-20260727-233810,artifacts/autogluon_runs/ag-v3-realtabpfn-gpu-s42-20260727-233810,artifacts/autogluon_runs/ag-v3-realtabpfn-gpu-s42-20260727-233810/resolved_config.yaml,AutoGluon 8-fold bagged OOF; balanced_accuracy leaderboard,42,1 x 8 bag folds,0.797769449567,,,,available,10000,missing,,e583aadf66d2a2236811d1e171492899dd596e7fc40a7cee7138e90c16b50966,0e90ca9310a1df3e1858fb004a4b5a86694da7ea08be95072d5ee7806ab3eb34,Dataset Package test_anchor_hash=5149a289f16b71509a923ccede164e58540b035e8fc6d9bac3eb036949f0491f; per-model test probabilities missing,completed,verified_oof_only,,conditionally_eligible,complete saved OOF but per-model test probabilities are not saved; import would require predictor inference,exploratory,C,G2_common_anchor_exploratory,c7e8a8f787268d5b368006fb989c5128c065b2cab012da31fefd92fe1b37d71c,,No predictor was loaded during this audit. Exact OOF duplicate of autogluon__ag_v3_realtabpfn_gpu_s42_20260730_014242__realtabpfn_v2_r13_bag_l1.
autogluon__ag_v3_realtabpfn_gpu_s42_20260727_233810__realtabpfn_v2_r196_bag_l1,autogluon_atomic,RealTabPFN-v2,RealTabPFN-v2_r196_BAG_L1,v3_targeted_missingness,exploratory,ag-v3-realtabpfn-gpu-s42-20260727-233810,artifacts/autogluon_runs/ag-v3-realtabpfn-gpu-s42-20260727-233810,artifacts/autogluon_runs/ag-v3-realtabpfn-gpu-s42-20260727-233810/resolved_config.yaml,AutoGluon 8-fold bagged OOF; balanced_accuracy leaderboard,42,1 x 8 bag folds,0.79491560526,,,,available,10000,missing,,e583aadf66d2a2236811d1e171492899dd596e7fc40a7cee7138e90c16b50966,0e90ca9310a1df3e1858fb004a4b5a86694da7ea08be95072d5ee7806ab3eb34,Dataset Package test_anchor_hash=5149a289f16b71509a923ccede164e58540b035e8fc6d9bac3eb036949f0491f; per-model test probabilities missing,completed,verified_oof_only,,conditionally_eligible,complete saved OOF but per-model test probabilities are not saved; import would require predictor inference,exploratory,C,G2_common_anchor_exploratory,59d43243cc0f2d139dcba4ac9845a70bac86745e8fa9ec09104dae897698f593,,No predictor was loaded during this audit. Exact OOF duplicate of autogluon__ag_v3_realtabpfn_gpu_s42_20260730_014242__realtabpfn_v2_r196_bag_l1.
autogluon__ag_v3_realtabpfn_gpu_s42_20260727_233810__weightedensemble_l2,autogluon_ensemble,weighted_ensemble,WeightedEnsemble_L2,v3_targeted_missingness,exploratory,ag-v3-realtabpfn-gpu-s42-20260727-233810,artifacts/autogluon_runs/ag-v3-realtabpfn-gpu-s42-20260727-233810,artifacts/autogluon_runs/ag-v3-realtabpfn-gpu-s42-20260727-233810/resolved_config.yaml,AutoGluon 8-fold bagged OOF; balanced_accuracy leaderboard,42,1 x 8 bag folds,0.879624305156,0.882620698468,0.353,,available,10000,missing,,e583aadf66d2a2236811d1e171492899dd596e7fc40a7cee7138e90c16b50966,0e90ca9310a1df3e1858fb004a4b5a86694da7ea08be95072d5ee7806ab3eb34,Dataset Package test_anchor_hash=5149a289f16b71509a923ccede164e58540b035e8fc6d9bac3eb036949f0491f; per-model test probabilities missing,completed,verified_oof_only,autogluon__ag_v3_realtabpfn_gpu_s42_20260727_233810__realtabpfn_v2_r11_bag_l1,ineligible,exact probability duplicate; retain only canonical representative,exclude,excluded,G2_common_anchor_exploratory,92f6833da8901b7e6310cafecd309233a6fd3feaef9756e46064052169116e3e,,No predictor was loaded during this audit. Exact OOF duplicate of autogluon__ag_v3_focused_hybrid_smoke_s42_20260801_173849__realtabpfn_v2_r11_bag_l1|autogluon__ag_v3_realtabpfn_gpu_s42_20260727_233810__realtabpfn_v2_r11_bag_l1|autogluon__ag_v3_realtabpfn_gpu_s42_20260730_014242__weightedensemble_l2|autogluon__ag_v3_realtabpfn_gpu_s42_20260730_014242__realtabpfn_v2_r11_bag_l1.
autogluon__ag_v3_realtabpfn_gpu_s42_20260730_014242__realtabpfn_v2_c1_bag_l1,autogluon_atomic,RealTabPFN-v2,RealTabPFN-v2_c1_BAG_L1,v3_targeted_missingness,exploratory,ag-v3-realtabpfn-gpu-s42-20260730-014242,artifacts/autogluon_runs/ag-v3-realtabpfn-gpu-s42-20260730-014242,artifacts/autogluon_runs/ag-v3-realtabpfn-gpu-s42-20260730-014242/resolved_config.yaml,AutoGluon 8-fold bagged OOF; balanced_accuracy leaderboard,42,1 x 8 bag folds,0.787329662752,,,,available,10000,missing,,e583aadf66d2a2236811d1e171492899dd596e7fc40a7cee7138e90c16b50966,0e90ca9310a1df3e1858fb004a4b5a86694da7ea08be95072d5ee7806ab3eb34,Dataset Package test_anchor_hash=5149a289f16b71509a923ccede164e58540b035e8fc6d9bac3eb036949f0491f; per-model test probabilities missing,completed,verified_oof_only,,ineligible,exact probability duplicate; retain only canonical representative,exclude,excluded,G2_common_anchor_exploratory,ccffd45c532aee2912d0c2a70d3a264b19d0cf09eba30d78bbd85db4244378a5,,No predictor was loaded during this audit. Exact OOF duplicate of autogluon__ag_v3_realtabpfn_gpu_s42_20260727_233810__realtabpfn_v2_c1_bag_l1.
autogluon__ag_v3_realtabpfn_gpu_s42_20260730_014242__realtabpfn_v2_r106_bag_l1,autogluon_atomic,RealTabPFN-v2,RealTabPFN-v2_r106_BAG_L1,v3_targeted_missingness,exploratory,ag-v3-realtabpfn-gpu-s42-20260730-014242,artifacts/autogluon_runs/ag-v3-realtabpfn-gpu-s42-20260730-014242,artifacts/autogluon_runs/ag-v3-realtabpfn-gpu-s42-20260730-014242/resolved_config.yaml,AutoGluon 8-fold bagged OOF; balanced_accuracy leaderboard,42,1 x 8 bag folds,0.787885317452,,,,available,10000,missing,,e583aadf66d2a2236811d1e171492899dd596e7fc40a7cee7138e90c16b50966,0e90ca9310a1df3e1858fb004a4b5a86694da7ea08be95072d5ee7806ab3eb34,Dataset Package test_anchor_hash=5149a289f16b71509a923ccede164e58540b035e8fc6d9bac3eb036949f0491f; per-model test probabilities missing,completed,verified_oof_only,,ineligible,exact probability duplicate; retain only canonical representative,exclude,excluded,G2_common_anchor_exploratory,c0cc6a8d5316e59fe1c3d7757b8b1c001deee273bce0e8fae24ee734de06a2a6,,No predictor was loaded during this audit. Exact OOF duplicate of autogluon__ag_v3_realtabpfn_gpu_s42_20260727_233810__realtabpfn_v2_r106_bag_l1.
autogluon__ag_v3_realtabpfn_gpu_s42_20260730_014242__realtabpfn_v2_r11_bag_l1,autogluon_atomic,RealTabPFN-v2,RealTabPFN-v2_r11_BAG_L1,v3_targeted_missingness,exploratory,ag-v3-realtabpfn-gpu-s42-20260730-014242,artifacts/autogluon_runs/ag-v3-realtabpfn-gpu-s42-20260730-014242,artifacts/autogluon_runs/ag-v3-realtabpfn-gpu-s42-20260730-014242/resolved_config.yaml,AutoGluon 8-fold bagged OOF; balanced_accuracy leaderboard,42,1 x 8 bag folds,0.879624305156,,,,available,10000,missing,,e583aadf66d2a2236811d1e171492899dd596e7fc40a7cee7138e90c16b50966,0e90ca9310a1df3e1858fb004a4b5a86694da7ea08be95072d5ee7806ab3eb34,Dataset Package test_anchor_hash=5149a289f16b71509a923ccede164e58540b035e8fc6d9bac3eb036949f0491f; per-model test probabilities missing,completed,verified_oof_only,,ineligible,exact probability duplicate; retain only canonical representative,exclude,excluded,G2_common_anchor_exploratory,92f6833da8901b7e6310cafecd309233a6fd3feaef9756e46064052169116e3e,,No predictor was loaded during this audit. Exact OOF duplicate of autogluon__ag_v3_focused_hybrid_smoke_s42_20260801_173849__realtabpfn_v2_r11_bag_l1|autogluon__ag_v3_realtabpfn_gpu_s42_20260727_233810__realtabpfn_v2_r11_bag_l1|autogluon__ag_v3_realtabpfn_gpu_s42_20260727_233810__weightedensemble_l2|autogluon__ag_v3_realtabpfn_gpu_s42_20260730_014242__weightedensemble_l2.
autogluon__ag_v3_realtabpfn_gpu_s42_20260730_014242__realtabpfn_v2_r13_bag_l1,autogluon_atomic,RealTabPFN-v2,RealTabPFN-v2_r13_BAG_L1,v3_targeted_missingness,exploratory,ag-v3-realtabpfn-gpu-s42-20260730-014242,artifacts/autogluon_runs/ag-v3-realtabpfn-gpu-s42-20260730-014242,artifacts/autogluon_runs/ag-v3-realtabpfn-gpu-s42-20260730-014242/resolved_config.yaml,AutoGluon 8-fold bagged OOF; balanced_accuracy leaderboard,42,1 x 8 bag folds,0.797769449567,,,,available,10000,missing,,e583aadf66d2a2236811d1e171492899dd596e7fc40a7cee7138e90c16b50966,0e90ca9310a1df3e1858fb004a4b5a86694da7ea08be95072d5ee7806ab3eb34,Dataset Package test_anchor_hash=5149a289f16b71509a923ccede164e58540b035e8fc6d9bac3eb036949f0491f; per-model test probabilities missing,completed,verified_oof_only,,ineligible,exact probability duplicate; retain only canonical representative,exclude,excluded,G2_common_anchor_exploratory,c7e8a8f787268d5b368006fb989c5128c065b2cab012da31fefd92fe1b37d71c,,No predictor was loaded during this audit. Exact OOF duplicate of autogluon__ag_v3_realtabpfn_gpu_s42_20260727_233810__realtabpfn_v2_r13_bag_l1.
autogluon__ag_v3_realtabpfn_gpu_s42_20260730_014242__realtabpfn_v2_r196_bag_l1,autogluon_atomic,RealTabPFN-v2,RealTabPFN-v2_r196_BAG_L1,v3_targeted_missingness,exploratory,ag-v3-realtabpfn-gpu-s42-20260730-014242,artifacts/autogluon_runs/ag-v3-realtabpfn-gpu-s42-20260730-014242,artifacts/autogluon_runs/ag-v3-realtabpfn-gpu-s42-20260730-014242/resolved_config.yaml,AutoGluon 8-fold bagged OOF; balanced_accuracy leaderboard,42,1 x 8 bag folds,0.79491560526,,,,available,10000,missing,,e583aadf66d2a2236811d1e171492899dd596e7fc40a7cee7138e90c16b50966,0e90ca9310a1df3e1858fb004a4b5a86694da7ea08be95072d5ee7806ab3eb34,Dataset Package test_anchor_hash=5149a289f16b71509a923ccede164e58540b035e8fc6d9bac3eb036949f0491f; per-model test probabilities missing,completed,verified_oof_only,,ineligible,exact probability duplicate; retain only canonical representative,exclude,excluded,G2_common_anchor_exploratory,59d43243cc0f2d139dcba4ac9845a70bac86745e8fa9ec09104dae897698f593,,No predictor was loaded during this audit. Exact OOF duplicate of autogluon__ag_v3_realtabpfn_gpu_s42_20260727_233810__realtabpfn_v2_r196_bag_l1.
autogluon__ag_v3_realtabpfn_gpu_s42_20260730_014242__weightedensemble_l2,autogluon_ensemble,weighted_ensemble,WeightedEnsemble_L2,v3_targeted_missingness,exploratory,ag-v3-realtabpfn-gpu-s42-20260730-014242,artifacts/autogluon_runs/ag-v3-realtabpfn-gpu-s42-20260730-014242,artifacts/autogluon_runs/ag-v3-realtabpfn-gpu-s42-20260730-014242/resolved_config.yaml,AutoGluon 8-fold bagged OOF; balanced_accuracy leaderboard,42,1 x 8 bag folds,0.879624305156,0.882620698468,0.353,,available,10000,missing,,e583aadf66d2a2236811d1e171492899dd596e7fc40a7cee7138e90c16b50966,0e90ca9310a1df3e1858fb004a4b5a86694da7ea08be95072d5ee7806ab3eb34,Dataset Package test_anchor_hash=5149a289f16b71509a923ccede164e58540b035e8fc6d9bac3eb036949f0491f; per-model test probabilities missing,completed,verified_oof_only,autogluon__ag_v3_realtabpfn_gpu_s42_20260730_014242__realtabpfn_v2_r11_bag_l1,ineligible,exact probability duplicate; retain only canonical representative,exclude,excluded,G2_common_anchor_exploratory,92f6833da8901b7e6310cafecd309233a6fd3feaef9756e46064052169116e3e,,No predictor was loaded during this audit. Exact OOF duplicate of autogluon__ag_v3_focused_hybrid_smoke_s42_20260801_173849__realtabpfn_v2_r11_bag_l1|autogluon__ag_v3_realtabpfn_gpu_s42_20260727_233810__realtabpfn_v2_r11_bag_l1|autogluon__ag_v3_realtabpfn_gpu_s42_20260727_233810__weightedensemble_l2|autogluon__ag_v3_realtabpfn_gpu_s42_20260730_014242__realtabpfn_v2_r11_bag_l1.
autogluon__ag_v3_tabm_gpu_s42_20260730_014242__tabm_r124_bag_l1,autogluon_atomic,TabM,TabM_r124_BAG_L1,v3_targeted_missingness,exploratory,ag-v3-tabm-gpu-s42-20260730-014242,artifacts/autogluon_runs/ag-v3-tabm-gpu-s42-20260730-014242,artifacts/autogluon_runs/ag-v3-tabm-gpu-s42-20260730-014242/resolved_config.yaml,AutoGluon 8-fold bagged OOF; balanced_accuracy leaderboard,42,1 x 8 bag folds,0.759897241335,,,,available,10000,missing,,e583aadf66d2a2236811d1e171492899dd596e7fc40a7cee7138e90c16b50966,0e90ca9310a1df3e1858fb004a4b5a86694da7ea08be95072d5ee7806ab3eb34,Dataset Package test_anchor_hash=5149a289f16b71509a923ccede164e58540b035e8fc6d9bac3eb036949f0491f; per-model test probabilities missing,completed,verified_oof_only,,conditionally_eligible,complete saved OOF but per-model test probabilities are not saved; import would require predictor inference,exploratory,C,G2_common_anchor_exploratory,b457535ee927df86bbde27da70d16b781a0e153b56b5ad3876d54089a3df06b8,,No predictor was loaded during this audit.
autogluon__ag_v3_tabm_gpu_s42_20260730_014242__tabm_r184_bag_l1,autogluon_atomic,TabM,TabM_r184_BAG_L1,v3_targeted_missingness,exploratory,ag-v3-tabm-gpu-s42-20260730-014242,artifacts/autogluon_runs/ag-v3-tabm-gpu-s42-20260730-014242,artifacts/autogluon_runs/ag-v3-tabm-gpu-s42-20260730-014242/resolved_config.yaml,AutoGluon 8-fold bagged OOF; balanced_accuracy leaderboard,42,1 x 8 bag folds,0.713591287546,,,,available,10000,missing,,e583aadf66d2a2236811d1e171492899dd596e7fc40a7cee7138e90c16b50966,0e90ca9310a1df3e1858fb004a4b5a86694da7ea08be95072d5ee7806ab3eb34,Dataset Package test_anchor_hash=5149a289f16b71509a923ccede164e58540b035e8fc6d9bac3eb036949f0491f; per-model test probabilities missing,completed,verified_oof_only,,conditionally_eligible,complete saved OOF but per-model test probabilities are not saved; import would require predictor inference,exploratory,C,G2_common_anchor_exploratory,3896b73990aa07ab9d72821ed593f62c80e7e97c982217762f98e03286109fcb,,No predictor was loaded during this audit.
autogluon__ag_v3_tabm_gpu_s42_20260730_014242__tabm_r34_bag_l1,autogluon_atomic,TabM,TabM_r34_BAG_L1,v3_targeted_missingness,exploratory,ag-v3-tabm-gpu-s42-20260730-014242,artifacts/autogluon_runs/ag-v3-tabm-gpu-s42-20260730-014242,artifacts/autogluon_runs/ag-v3-tabm-gpu-s42-20260730-014242/resolved_config.yaml,AutoGluon 8-fold bagged OOF; balanced_accuracy leaderboard,42,1 x 8 bag folds,0.758073847876,,,,available,10000,missing,,e583aadf66d2a2236811d1e171492899dd596e7fc40a7cee7138e90c16b50966,0e90ca9310a1df3e1858fb004a4b5a86694da7ea08be95072d5ee7806ab3eb34,Dataset Package test_anchor_hash=5149a289f16b71509a923ccede164e58540b035e8fc6d9bac3eb036949f0491f; per-model test probabilities missing,completed,verified_oof_only,,conditionally_eligible,complete saved OOF but per-model test probabilities are not saved; import would require predictor inference,exploratory,C,G2_common_anchor_exploratory,8f89fd128ce8c073d765761c540e7746acceb0b0e3682e3cb50c7aa96de63aa9,,No predictor was loaded during this audit.
autogluon__ag_v3_tabm_gpu_s42_20260730_014242__tabm_r69_bag_l1,autogluon_atomic,TabM,TabM_r69_BAG_L1,v3_targeted_missingness,exploratory,ag-v3-tabm-gpu-s42-20260730-014242,artifacts/autogluon_runs/ag-v3-tabm-gpu-s42-20260730-014242,artifacts/autogluon_runs/ag-v3-tabm-gpu-s42-20260730-014242/resolved_config.yaml,AutoGluon 8-fold bagged OOF; balanced_accuracy leaderboard,42,1 x 8 bag folds,0.757884590386,,,,available,10000,missing,,e583aadf66d2a2236811d1e171492899dd596e7fc40a7cee7138e90c16b50966,0e90ca9310a1df3e1858fb004a4b5a86694da7ea08be95072d5ee7806ab3eb34,Dataset Package test_anchor_hash=5149a289f16b71509a923ccede164e58540b035e8fc6d9bac3eb036949f0491f; per-model test probabilities missing,completed,verified_oof_only,,conditionally_eligible,complete saved OOF but per-model test probabilities are not saved; import would require predictor inference,exploratory,C,G2_common_anchor_exploratory,f12febdea43ecb1048c339bc073702cec6aa3852415b48a12c194ec2876d239c,,No predictor was loaded during this audit.
autogluon__ag_v3_tabm_gpu_s42_20260730_014242__tabm_r99_bag_l1,autogluon_atomic,TabM,TabM_r99_BAG_L1,v3_targeted_missingness,exploratory,ag-v3-tabm-gpu-s42-20260730-014242,artifacts/autogluon_runs/ag-v3-tabm-gpu-s42-20260730-014242,artifacts/autogluon_runs/ag-v3-tabm-gpu-s42-20260730-014242/resolved_config.yaml,AutoGluon 8-fold bagged OOF; balanced_accuracy leaderboard,42,1 x 8 bag folds,0.75271118514,,,,available,10000,missing,,e583aadf66d2a2236811d1e171492899dd596e7fc40a7cee7138e90c16b50966,0e90ca9310a1df3e1858fb004a4b5a86694da7ea08be95072d5ee7806ab3eb34,Dataset Package test_anchor_hash=5149a289f16b71509a923ccede164e58540b035e8fc6d9bac3eb036949f0491f; per-model test probabilities missing,completed,verified_oof_only,,conditionally_eligible,complete saved OOF but per-model test probabilities are not saved; import would require predictor inference,exploratory,C,G2_common_anchor_exploratory,9e84bf20477948d11401f9713026491b381e56b4b5b85e57d35e0cc27304cbda,,No predictor was loaded during this audit.
autogluon__ag_v3_tabm_gpu_s42_20260730_014242__weightedensemble_l2,autogluon_ensemble,weighted_ensemble,WeightedEnsemble_L2,v3_targeted_missingness,exploratory,ag-v3-tabm-gpu-s42-20260730-014242,artifacts/autogluon_runs/ag-v3-tabm-gpu-s42-20260730-014242,artifacts/autogluon_runs/ag-v3-tabm-gpu-s42-20260730-014242/resolved_config.yaml,AutoGluon 8-fold bagged OOF; balanced_accuracy leaderboard,42,1 x 8 bag folds,0.761332866248,0.875857882828,0.138,,available,10000,missing,,e583aadf66d2a2236811d1e171492899dd596e7fc40a7cee7138e90c16b50966,0e90ca9310a1df3e1858fb004a4b5a86694da7ea08be95072d5ee7806ab3eb34,Dataset Package test_anchor_hash=5149a289f16b71509a923ccede164e58540b035e8fc6d9bac3eb036949f0491f; per-model test probabilities missing,completed,verified_oof_only,autogluon__ag_v3_tabm_gpu_s42_20260730_014242__tabm_r124_bag_l1|autogluon__ag_v3_tabm_gpu_s42_20260730_014242__tabm_r34_bag_l1,conditionally_eligible,complete saved OOF but per-model test probabilities are not saved; import would require predictor inference,exploratory,C,G2_common_anchor_exploratory,78d834761bd2b5d312389fed0fa8d1851094336ca4990e7ce6d2c031bb8ccb43,,No predictor was loaded during this audit.
autogluon__ag_v5_extreme_seqmem_s42_20260731_234518__catboost_c1_bag_l1,autogluon_atomic,CatBoost,CatBoost_c1_BAG_L1,v5_joint_missingness_pattern,none,ag-v5-extreme-seqmem-s42-20260731-234518,artifacts/autogluon_runs/ag-v5-extreme-seqmem-s42-20260731-234518,artifacts/autogluon_runs/ag-v5-extreme-seqmem-s42-20260731-234518/resolved_config.yaml,AutoGluon 8-fold bagged OOF; balanced_accuracy leaderboard,42,1 x 8 bag folds,0.806259377499,,,,available,10000,missing,,e583aadf66d2a2236811d1e171492899dd596e7fc40a7cee7138e90c16b50966,0e90ca9310a1df3e1858fb004a4b5a86694da7ea08be95072d5ee7806ab3eb34,Dataset Package test_anchor_hash=5149a289f16b71509a923ccede164e58540b035e8fc6d9bac3eb036949f0491f; per-model test probabilities missing,completed,verified_oof_only,,conditionally_eligible,complete saved OOF but per-model test probabilities are not saved; import would require predictor inference,target_independent,C,G1_common_anchor_target_independent,a0f8ce7bbeb05602fc99b7cb212b62a5afe7926353c2132a4c14d5246cd885c8,,No predictor was loaded during this audit.
autogluon__ag_v5_extreme_seqmem_s42_20260731_234518__lightgbm_r162_bag_l1,autogluon_atomic,LightGBM,LightGBM_r162_BAG_L1,v5_joint_missingness_pattern,none,ag-v5-extreme-seqmem-s42-20260731-234518,artifacts/autogluon_runs/ag-v5-extreme-seqmem-s42-20260731-234518,artifacts/autogluon_runs/ag-v5-extreme-seqmem-s42-20260731-234518/resolved_config.yaml,AutoGluon 8-fold bagged OOF; balanced_accuracy leaderboard,42,1 x 8 bag folds,0.7836921294,,,,available,10000,missing,,e583aadf66d2a2236811d1e171492899dd596e7fc40a7cee7138e90c16b50966,0e90ca9310a1df3e1858fb004a4b5a86694da7ea08be95072d5ee7806ab3eb34,Dataset Package test_anchor_hash=5149a289f16b71509a923ccede164e58540b035e8fc6d9bac3eb036949f0491f; per-model test probabilities missing,completed,verified_oof_only,,conditionally_eligible,complete saved OOF but per-model test probabilities are not saved; import would require predictor inference,target_independent,C,G1_common_anchor_target_independent,e788c9772e4bc3a7f97ab5962223045e569b319e83c277972bfc4d0859a90bcf,,No predictor was loaded during this audit.
autogluon__ag_v5_extreme_seqmem_s42_20260731_234518__lightgbm_r33_bag_l1,autogluon_atomic,LightGBM,LightGBM_r33_BAG_L1,v5_joint_missingness_pattern,none,ag-v5-extreme-seqmem-s42-20260731-234518,artifacts/autogluon_runs/ag-v5-extreme-seqmem-s42-20260731-234518,artifacts/autogluon_runs/ag-v5-extreme-seqmem-s42-20260731-234518/resolved_config.yaml,AutoGluon 8-fold bagged OOF; balanced_accuracy leaderboard,42,1 x 8 bag folds,0.784994679199,,,,available,10000,missing,,e583aadf66d2a2236811d1e171492899dd596e7fc40a7cee7138e90c16b50966,0e90ca9310a1df3e1858fb004a4b5a86694da7ea08be95072d5ee7806ab3eb34,Dataset Package test_anchor_hash=5149a289f16b71509a923ccede164e58540b035e8fc6d9bac3eb036949f0491f; per-model test probabilities missing,completed,verified_oof_only,,conditionally_eligible,complete saved OOF but per-model test probabilities are not saved; import would require predictor inference,target_independent,C,G1_common_anchor_target_independent,929c269063e003247a0ce4728ef867e6b389bfe4343740dae3a7bf670640ddcd,,No predictor was loaded during this audit.
autogluon__ag_v5_extreme_seqmem_s42_20260731_234518__lightgbm_r37_bag_l1,autogluon_atomic,LightGBM,LightGBM_r37_BAG_L1,v5_joint_missingness_pattern,none,ag-v5-extreme-seqmem-s42-20260731-234518,artifacts/autogluon_runs/ag-v5-extreme-seqmem-s42-20260731-234518,artifacts/autogluon_runs/ag-v5-extreme-seqmem-s42-20260731-234518/resolved_config.yaml,AutoGluon 8-fold bagged OOF; balanced_accuracy leaderboard,42,1 x 8 bag folds,0.784858299238,,,,available,10000,missing,,e583aadf66d2a2236811d1e171492899dd596e7fc40a7cee7138e90c16b50966,0e90ca9310a1df3e1858fb004a4b5a86694da7ea08be95072d5ee7806ab3eb34,Dataset Package test_anchor_hash=5149a289f16b71509a923ccede164e58540b035e8fc6d9bac3eb036949f0491f; per-model test probabilities missing,completed,verified_oof_only,,conditionally_eligible,complete saved OOF but per-model test probabilities are not saved; import would require predictor inference,target_independent,C,G1_common_anchor_target_independent,9443b388609d10f34bbc66012e4fa484b34c9e0ebd2465d0633d79f131596359,,No predictor was loaded during this audit.
autogluon__ag_v5_extreme_seqmem_s42_20260731_234518__lightgbm_r57_bag_l1,autogluon_atomic,LightGBM,LightGBM_r57_BAG_L1,v5_joint_missingness_pattern,none,ag-v5-extreme-seqmem-s42-20260731-234518,artifacts/autogluon_runs/ag-v5-extreme-seqmem-s42-20260731-234518,artifacts/autogluon_runs/ag-v5-extreme-seqmem-s42-20260731-234518/resolved_config.yaml,AutoGluon 8-fold bagged OOF; balanced_accuracy leaderboard,42,1 x 8 bag folds,0.685933475662,,,,available,10000,missing,,e583aadf66d2a2236811d1e171492899dd596e7fc40a7cee7138e90c16b50966,0e90ca9310a1df3e1858fb004a4b5a86694da7ea08be95072d5ee7806ab3eb34,Dataset Package test_anchor_hash=5149a289f16b71509a923ccede164e58540b035e8fc6d9bac3eb036949f0491f; per-model test probabilities missing,completed,verified_oof_only,,conditionally_eligible,complete saved OOF but per-model test probabilities are not saved; import would require predictor inference,target_independent,C,G1_common_anchor_target_independent,b0ecd94f60a7fdeee417199795b734a902976c9198780c2208989340d04afa47,,No predictor was loaded during this audit.
autogluon__ag_v5_extreme_seqmem_s42_20260731_234518__lightgbm_r73_bag_l1,autogluon_atomic,LightGBM,LightGBM_r73_BAG_L1,v5_joint_missingness_pattern,none,ag-v5-extreme-seqmem-s42-20260731-234518,artifacts/autogluon_runs/ag-v5-extreme-seqmem-s42-20260731-234518,artifacts/autogluon_runs/ag-v5-extreme-seqmem-s42-20260731-234518/resolved_config.yaml,AutoGluon 8-fold bagged OOF; balanced_accuracy leaderboard,42,1 x 8 bag folds,0.794975092481,,,,available,10000,missing,,e583aadf66d2a2236811d1e171492899dd596e7fc40a7cee7138e90c16b50966,0e90ca9310a1df3e1858fb004a4b5a86694da7ea08be95072d5ee7806ab3eb34,Dataset Package test_anchor_hash=5149a289f16b71509a923ccede164e58540b035e8fc6d9bac3eb036949f0491f; per-model test probabilities missing,completed,verified_oof_only,,conditionally_eligible,complete saved OOF but per-model test probabilities are not saved; import would require predictor inference,target_independent,C,G1_common_anchor_target_independent,fd69e9a4b5b374f7dfa18aa78af9717458a570cca12c5061b3dc8a15d0c47103,,No predictor was loaded during this audit. Exact OOF duplicate of autogluon__ag_v5_extreme_smoke_s42_20260731_210955__lightgbm_r73_bag_l1.
autogluon__ag_v5_extreme_seqmem_s42_20260731_234518__lightgbmprep_r13_bag_l1,autogluon_atomic,LightGBMPrep,LightGBMPrep_r13_BAG_L1,v5_joint_missingness_pattern,none,ag-v5-extreme-seqmem-s42-20260731-234518,artifacts/autogluon_runs/ag-v5-extreme-seqmem-s42-20260731-234518,artifacts/autogluon_runs/ag-v5-extreme-seqmem-s42-20260731-234518/resolved_config.yaml,AutoGluon 8-fold bagged OOF; balanced_accuracy leaderboard,42,1 x 8 bag folds,0.81440031374,,,,available,10000,missing,,e583aadf66d2a2236811d1e171492899dd596e7fc40a7cee7138e90c16b50966,0e90ca9310a1df3e1858fb004a4b5a86694da7ea08be95072d5ee7806ab3eb34,Dataset Package test_anchor_hash=5149a289f16b71509a923ccede164e58540b035e8fc6d9bac3eb036949f0491f; per-model test probabilities missing,completed,verified_oof_only,,conditionally_eligible,complete saved OOF but per-model test probabilities are not saved; import would require predictor inference,target_independent,C,G1_common_anchor_target_independent,8aeb5d423e20793e5d1d33911b698b5368856f5e48c1ccef6879f202d571ba21,,No predictor was loaded during this audit. Exact OOF duplicate of autogluon__ag_v5_extreme_smoke_s42_20260731_210955__lightgbmprep_r13_bag_l1.
autogluon__ag_v5_extreme_seqmem_s42_20260731_234518__lightgbmprep_r17_bag_l1,autogluon_atomic,LightGBMPrep,LightGBMPrep_r17_BAG_L1,v5_joint_missingness_pattern,none,ag-v5-extreme-seqmem-s42-20260731-234518,artifacts/autogluon_runs/ag-v5-extreme-seqmem-s42-20260731-234518,artifacts/autogluon_runs/ag-v5-extreme-seqmem-s42-20260731-234518/resolved_config.yaml,AutoGluon 8-fold bagged OOF; balanced_accuracy leaderboard,42,1 x 8 bag folds,0.809706992392,,,,available,10000,missing,,e583aadf66d2a2236811d1e171492899dd596e7fc40a7cee7138e90c16b50966,0e90ca9310a1df3e1858fb004a4b5a86694da7ea08be95072d5ee7806ab3eb34,Dataset Package test_anchor_hash=5149a289f16b71509a923ccede164e58540b035e8fc6d9bac3eb036949f0491f; per-model test probabilities missing,completed,verified_oof_only,,conditionally_eligible,complete saved OOF but per-model test probabilities are not saved; import would require predictor inference,target_independent,C,G1_common_anchor_target_independent,0ab97f5137a7af72ed3086b1f44f4d1444e10ad2089850632a4d9d98ee65a5b6,,No predictor was loaded during this audit.
autogluon__ag_v5_extreme_seqmem_s42_20260731_234518__lightgbmprep_r21_bag_l1,autogluon_atomic,LightGBMPrep,LightGBMPrep_r21_BAG_L1,v5_joint_missingness_pattern,none,ag-v5-extreme-seqmem-s42-20260731-234518,artifacts/autogluon_runs/ag-v5-extreme-seqmem-s42-20260731-234518,artifacts/autogluon_runs/ag-v5-extreme-seqmem-s42-20260731-234518/resolved_config.yaml,AutoGluon 8-fold bagged OOF; balanced_accuracy leaderboard,42,1 x 8 bag folds,0.795051985221,,,,available,10000,missing,,e583aadf66d2a2236811d1e171492899dd596e7fc40a7cee7138e90c16b50966,0e90ca9310a1df3e1858fb004a4b5a86694da7ea08be95072d5ee7806ab3eb34,Dataset Package test_anchor_hash=5149a289f16b71509a923ccede164e58540b035e8fc6d9bac3eb036949f0491f; per-model test probabilities missing,completed,verified_oof_only,,conditionally_eligible,complete saved OOF but per-model test probabilities are not saved; import would require predictor inference,target_independent,C,G1_common_anchor_target_independent,2587e11e69e66057bb8d1850e22b77a6fded321a25532a8c95c3540e23ffe459,,No predictor was loaded during this audit. Exact OOF duplicate of autogluon__ag_v5_extreme_smoke_s42_20260731_210955__lightgbmprep_r21_bag_l1.
autogluon__ag_v5_extreme_seqmem_s42_20260731_234518__lightgbmprep_r31_bag_l1,autogluon_atomic,LightGBMPrep,LightGBMPrep_r31_BAG_L1,v5_joint_missingness_pattern,none,ag-v5-extreme-seqmem-s42-20260731-234518,artifacts/autogluon_runs/ag-v5-extreme-seqmem-s42-20260731-234518,artifacts/autogluon_runs/ag-v5-extreme-seqmem-s42-20260731-234518/resolved_config.yaml,AutoGluon 8-fold bagged OOF; balanced_accuracy leaderboard,42,1 x 8 bag folds,0.821219972724,,,,available,10000,missing,,e583aadf66d2a2236811d1e171492899dd596e7fc40a7cee7138e90c16b50966,0e90ca9310a1df3e1858fb004a4b5a86694da7ea08be95072d5ee7806ab3eb34,Dataset Package test_anchor_hash=5149a289f16b71509a923ccede164e58540b035e8fc6d9bac3eb036949f0491f; per-model test probabilities missing,completed,verified_oof_only,,conditionally_eligible,complete saved OOF but per-model test probabilities are not saved; import would require predictor inference,target_independent,C,G1_common_anchor_target_independent,394b722db8b4bdfed5e6c99b060cc6b1b9860fb0dddea1ddefc1baf150015a23,,No predictor was loaded during this audit. Exact OOF duplicate of autogluon__ag_v5_extreme_smoke_s42_20260731_210955__weightedensemble_l2|autogluon__ag_v5_extreme_smoke_s42_20260731_210955__lightgbmprep_r31_bag_l1.
autogluon__ag_v5_extreme_seqmem_s42_20260731_234518__lightgbmprep_r41_bag_l1,autogluon_atomic,LightGBMPrep,LightGBMPrep_r41_BAG_L1,v5_joint_missingness_pattern,none,ag-v5-extreme-seqmem-s42-20260731-234518,artifacts/autogluon_runs/ag-v5-extreme-seqmem-s42-20260731-234518,artifacts/autogluon_runs/ag-v5-extreme-seqmem-s42-20260731-234518/resolved_config.yaml,AutoGluon 8-fold bagged OOF; balanced_accuracy leaderboard,42,1 x 8 bag folds,0.819151139401,,,,available,10000,missing,,e583aadf66d2a2236811d1e171492899dd596e7fc40a7cee7138e90c16b50966,0e90ca9310a1df3e1858fb004a4b5a86694da7ea08be95072d5ee7806ab3eb34,Dataset Package test_anchor_hash=5149a289f16b71509a923ccede164e58540b035e8fc6d9bac3eb036949f0491f; per-model test probabilities missing,completed,verified_oof_only,,conditionally_eligible,complete saved OOF but per-model test probabilities are not saved; import would require predictor inference,target_independent,C,G1_common_anchor_target_independent,5a98f1402099f6e1ebcc7f06e8b1d6ef38dc11ee132cc027570a4c488709b0e8,,No predictor was loaded during this audit. Exact OOF duplicate of autogluon__ag_v5_extreme_smoke_s42_20260731_210955__lightgbmprep_r41_bag_l1.
autogluon__ag_v5_extreme_seqmem_s42_20260731_234518__realtabpfn_v2_c1_bag_l1,autogluon_atomic,RealTabPFN-v2,RealTabPFN-v2_c1_BAG_L1,v5_joint_missingness_pattern,none,ag-v5-extreme-seqmem-s42-20260731-234518,artifacts/autogluon_runs/ag-v5-extreme-seqmem-s42-20260731-234518,artifacts/autogluon_runs/ag-v5-extreme-seqmem-s42-20260731-234518/resolved_config.yaml,AutoGluon 8-fold bagged OOF; balanced_accuracy leaderboard,42,1 x 8 bag folds,0.786008385495,,,,available,10000,missing,,e583aadf66d2a2236811d1e171492899dd596e7fc40a7cee7138e90c16b50966,0e90ca9310a1df3e1858fb004a4b5a86694da7ea08be95072d5ee7806ab3eb34,Dataset Package test_anchor_hash=5149a289f16b71509a923ccede164e58540b035e8fc6d9bac3eb036949f0491f; per-model test probabilities missing,completed,verified_oof_only,,conditionally_eligible,complete saved OOF but per-model test probabilities are not saved; import would require predictor inference,target_independent,C,G1_common_anchor_target_independent,398feb74924ebe5c806a178463177bfd1d4c42758bd6543fd2884387d0415c71,,No predictor was loaded during this audit.
autogluon__ag_v5_extreme_seqmem_s42_20260731_234518__realtabpfn_v2_r106_bag_l1,autogluon_atomic,RealTabPFN-v2,RealTabPFN-v2_r106_BAG_L1,v5_joint_missingness_pattern,none,ag-v5-extreme-seqmem-s42-20260731-234518,artifacts/autogluon_runs/ag-v5-extreme-seqmem-s42-20260731-234518,artifacts/autogluon_runs/ag-v5-extreme-seqmem-s42-20260731-234518/resolved_config.yaml,AutoGluon 8-fold bagged OOF; balanced_accuracy leaderboard,42,1 x 8 bag folds,0.790662929988,,,,available,10000,missing,,e583aadf66d2a2236811d1e171492899dd596e7fc40a7cee7138e90c16b50966,0e90ca9310a1df3e1858fb004a4b5a86694da7ea08be95072d5ee7806ab3eb34,Dataset Package test_anchor_hash=5149a289f16b71509a923ccede164e58540b035e8fc6d9bac3eb036949f0491f; per-model test probabilities missing,completed,verified_oof_only,,conditionally_eligible,complete saved OOF but per-model test probabilities are not saved; import would require predictor inference,target_independent,C,G1_common_anchor_target_independent,dd12c6575342c97b892efe0fea6ed5cd9eb38ed3b4d3e429b0d43c686faa4305,,No predictor was loaded during this audit.
autogluon__ag_v5_extreme_seqmem_s42_20260731_234518__realtabpfn_v2_r11_bag_l1,autogluon_atomic,RealTabPFN-v2,RealTabPFN-v2_r11_BAG_L1,v5_joint_missingness_pattern,none,ag-v5-extreme-seqmem-s42-20260731-234518,artifacts/autogluon_runs/ag-v5-extreme-seqmem-s42-20260731-234518,artifacts/autogluon_runs/ag-v5-extreme-seqmem-s42-20260731-234518/resolved_config.yaml,AutoGluon 8-fold bagged OOF; balanced_accuracy leaderboard,42,1 x 8 bag folds,0.87966374298,,,,available,10000,missing,,e583aadf66d2a2236811d1e171492899dd596e7fc40a7cee7138e90c16b50966,0e90ca9310a1df3e1858fb004a4b5a86694da7ea08be95072d5ee7806ab3eb34,Dataset Package test_anchor_hash=5149a289f16b71509a923ccede164e58540b035e8fc6d9bac3eb036949f0491f; per-model test probabilities missing,completed,verified_oof_only,,conditionally_eligible,complete saved OOF but per-model test probabilities are not saved; import would require predictor inference,target_independent,C,G1_common_anchor_target_independent,96c15b9c81de7d783c75bf71583120aa9f7d90105a13a0da0272b6f4e6c1ff70,,No predictor was loaded during this audit.
autogluon__ag_v5_extreme_seqmem_s42_20260731_234518__realtabpfn_v2_r13_bag_l1,autogluon_atomic,RealTabPFN-v2,RealTabPFN-v2_r13_BAG_L1,v5_joint_missingness_pattern,none,ag-v5-extreme-seqmem-s42-20260731-234518,artifacts/autogluon_runs/ag-v5-extreme-seqmem-s42-20260731-234518,artifacts/autogluon_runs/ag-v5-extreme-seqmem-s42-20260731-234518/resolved_config.yaml,AutoGluon 8-fold bagged OOF; balanced_accuracy leaderboard,42,1 x 8 bag folds,0.794858100948,,,,available,10000,missing,,e583aadf66d2a2236811d1e171492899dd596e7fc40a7cee7138e90c16b50966,0e90ca9310a1df3e1858fb004a4b5a86694da7ea08be95072d5ee7806ab3eb34,Dataset Package test_anchor_hash=5149a289f16b71509a923ccede164e58540b035e8fc6d9bac3eb036949f0491f; per-model test probabilities missing,completed,verified_oof_only,,conditionally_eligible,complete saved OOF but per-model test probabilities are not saved; import would require predictor inference,target_independent,C,G1_common_anchor_target_independent,dd40cff78142a171d2e1da01eb8ad623e7845a1f19afa1c87f0f7486c25f4951,,No predictor was loaded during this audit.
autogluon__ag_v5_extreme_seqmem_s42_20260731_234518__realtabpfn_v2_r196_bag_l1,autogluon_atomic,RealTabPFN-v2,RealTabPFN-v2_r196_BAG_L1,v5_joint_missingness_pattern,none,ag-v5-extreme-seqmem-s42-20260731-234518,artifacts/autogluon_runs/ag-v5-extreme-seqmem-s42-20260731-234518,artifacts/autogluon_runs/ag-v5-extreme-seqmem-s42-20260731-234518/resolved_config.yaml,AutoGluon 8-fold bagged OOF; balanced_accuracy leaderboard,42,1 x 8 bag folds,0.791889248015,,,,available,10000,missing,,e583aadf66d2a2236811d1e171492899dd596e7fc40a7cee7138e90c16b50966,0e90ca9310a1df3e1858fb004a4b5a86694da7ea08be95072d5ee7806ab3eb34,Dataset Package test_anchor_hash=5149a289f16b71509a923ccede164e58540b035e8fc6d9bac3eb036949f0491f; per-model test probabilities missing,completed,verified_oof_only,,conditionally_eligible,complete saved OOF but per-model test probabilities are not saved; import would require predictor inference,target_independent,C,G1_common_anchor_target_independent,71e91989693cbfd92f17ccb80a8c2365a70cdd52defc101d8a03d8973218e4ac,,No predictor was loaded during this audit.
autogluon__ag_v5_extreme_seqmem_s42_20260731_234518__tabm_r124_bag_l1,autogluon_atomic,TabM,TabM_r124_BAG_L1,v5_joint_missingness_pattern,none,ag-v5-extreme-seqmem-s42-20260731-234518,artifacts/autogluon_runs/ag-v5-extreme-seqmem-s42-20260731-234518,artifacts/autogluon_runs/ag-v5-extreme-seqmem-s42-20260731-234518/resolved_config.yaml,AutoGluon 8-fold bagged OOF; balanced_accuracy leaderboard,42,1 x 8 bag folds,0.759207189581,,,,available,10000,missing,,e583aadf66d2a2236811d1e171492899dd596e7fc40a7cee7138e90c16b50966,0e90ca9310a1df3e1858fb004a4b5a86694da7ea08be95072d5ee7806ab3eb34,Dataset Package test_anchor_hash=5149a289f16b71509a923ccede164e58540b035e8fc6d9bac3eb036949f0491f; per-model test probabilities missing,completed,verified_oof_only,,conditionally_eligible,complete saved OOF but per-model test probabilities are not saved; import would require predictor inference,target_independent,C,G1_common_anchor_target_independent,2b916b5bb7e0831b8707abe24f1bfb93012d3bf767060a57a56fcdf427a9adb5,,No predictor was loaded during this audit.
autogluon__ag_v5_extreme_seqmem_s42_20260731_234518__tabm_r34_bag_l1,autogluon_atomic,TabM,TabM_r34_BAG_L1,v5_joint_missingness_pattern,none,ag-v5-extreme-seqmem-s42-20260731-234518,artifacts/autogluon_runs/ag-v5-extreme-seqmem-s42-20260731-234518,artifacts/autogluon_runs/ag-v5-extreme-seqmem-s42-20260731-234518/resolved_config.yaml,AutoGluon 8-fold bagged OOF; balanced_accuracy leaderboard,42,1 x 8 bag folds,0.5,,,,available,10000,missing,,e583aadf66d2a2236811d1e171492899dd596e7fc40a7cee7138e90c16b50966,0e90ca9310a1df3e1858fb004a4b5a86694da7ea08be95072d5ee7806ab3eb34,Dataset Package test_anchor_hash=5149a289f16b71509a923ccede164e58540b035e8fc6d9bac3eb036949f0491f; per-model test probabilities missing,completed,verified_oof_only,,conditionally_eligible,complete saved OOF but per-model test probabilities are not saved; import would require predictor inference,target_independent,C,G1_common_anchor_target_independent,c6be076d78dbccb9f018bcef291d2a7d95d0eab5280b7991548c54b83d3f7ee6,,No predictor was loaded during this audit.
autogluon__ag_v5_extreme_seqmem_s42_20260731_234518__tabm_r99_bag_l1,autogluon_atomic,TabM,TabM_r99_BAG_L1,v5_joint_missingness_pattern,none,ag-v5-extreme-seqmem-s42-20260731-234518,artifacts/autogluon_runs/ag-v5-extreme-seqmem-s42-20260731-234518,artifacts/autogluon_runs/ag-v5-extreme-seqmem-s42-20260731-234518/resolved_config.yaml,AutoGluon 8-fold bagged OOF; balanced_accuracy leaderboard,42,1 x 8 bag folds,0.757673300593,,,,available,10000,missing,,e583aadf66d2a2236811d1e171492899dd596e7fc40a7cee7138e90c16b50966,0e90ca9310a1df3e1858fb004a4b5a86694da7ea08be95072d5ee7806ab3eb34,Dataset Package test_anchor_hash=5149a289f16b71509a923ccede164e58540b035e8fc6d9bac3eb036949f0491f; per-model test probabilities missing,completed,verified_oof_only,,conditionally_eligible,complete saved OOF but per-model test probabilities are not saved; import would require predictor inference,target_independent,C,G1_common_anchor_target_independent,c6c880f734528b2ad54c04bbd954a412bd8f06a91ae5445a940c970ea837f2d0,,No predictor was loaded during this audit.
autogluon__ag_v5_extreme_seqmem_s42_20260731_234518__weightedensemble_l2,autogluon_ensemble,weighted_ensemble,WeightedEnsemble_L2,v5_joint_missingness_pattern,none,ag-v5-extreme-seqmem-s42-20260731-234518,artifacts/autogluon_runs/ag-v5-extreme-seqmem-s42-20260731-234518,artifacts/autogluon_runs/ag-v5-extreme-seqmem-s42-20260731-234518/resolved_config.yaml,AutoGluon 8-fold bagged OOF; balanced_accuracy leaderboard,42,1 x 8 bag folds,0.880722174853,0.886182661018,0.281,,available,10000,available,2500,e583aadf66d2a2236811d1e171492899dd596e7fc40a7cee7138e90c16b50966,0e90ca9310a1df3e1858fb004a4b5a86694da7ea08be95072d5ee7806ab3eb34,test_anchor_hash=5149a289f16b71509a923ccede164e58540b035e8fc6d9bac3eb036949f0491f; ordered_row_position_hash=6f8d86365e60041769db51cc9287d7efe027afa20250251973af5d77d2bb2eeb; prediction_candidate_v1 manifest verified,completed,verified_prediction_candidate_v1,autogluon__ag_v5_extreme_seqmem_s42_20260731_234518__lightgbmprep_r13_bag_l1|autogluon__ag_v5_extreme_seqmem_s42_20260731_234518__lightgbmprep_r31_bag_l1|autogluon__ag_v5_extreme_seqmem_s42_20260731_234518__lightgbmprep_r41_bag_l1|autogluon__ag_v5_extreme_seqmem_s42_20260731_234518__realtabpfn_v2_r11_bag_l1,eligible,immutable candidate package has complete aligned OOF and test probabilities,both,B,G1_common_anchor_target_independent,424d2e53e5ecb17d3a9fc85e20d0c2ee2a2ff1da3ae406a4cda64186beb1ce43,5fb96d3a6f8f2c4b13fe4deea8fafe2deb402e78412f5729b211c2f75f92c064,Materialized as pc1_8da68e3d2071fb71.
autogluon__ag_v5_extreme_smoke_s42_20260731_210955__catboost_c1_bag_l1,autogluon_atomic,CatBoost,CatBoost_c1_BAG_L1,v5_joint_missingness_pattern,none,ag-v5-extreme-smoke-s42-20260731-210955,artifacts/autogluon_runs/ag-v5-extreme-smoke-s42-20260731-210955,artifacts/autogluon_runs/ag-v5-extreme-smoke-s42-20260731-210955/resolved_config.yaml,AutoGluon 8-fold bagged OOF; balanced_accuracy leaderboard,42,1 x 8 bag folds,0.806048748675,,,,available,10000,missing,,e583aadf66d2a2236811d1e171492899dd596e7fc40a7cee7138e90c16b50966,0e90ca9310a1df3e1858fb004a4b5a86694da7ea08be95072d5ee7806ab3eb34,Dataset Package test_anchor_hash=5149a289f16b71509a923ccede164e58540b035e8fc6d9bac3eb036949f0491f; per-model test probabilities missing,completed,verified_oof_only,,conditionally_eligible,complete saved OOF but per-model test probabilities are not saved; import would require predictor inference,target_independent,C,G1_common_anchor_target_independent,9a4b2b70bec15813d5e6dc1673c84e515e5d9547b371c332ae3b1936f6ea9531,,No predictor was loaded during this audit.
autogluon__ag_v5_extreme_smoke_s42_20260731_210955__lightgbm_r37_bag_l1,autogluon_atomic,LightGBM,LightGBM_r37_BAG_L1,v5_joint_missingness_pattern,none,ag-v5-extreme-smoke-s42-20260731-210955,artifacts/autogluon_runs/ag-v5-extreme-smoke-s42-20260731-210955,artifacts/autogluon_runs/ag-v5-extreme-smoke-s42-20260731-210955/resolved_config.yaml,AutoGluon 8-fold bagged OOF; balanced_accuracy leaderboard,42,1 x 8 bag folds,0.71131843509,,,,available,10000,missing,,e583aadf66d2a2236811d1e171492899dd596e7fc40a7cee7138e90c16b50966,0e90ca9310a1df3e1858fb004a4b5a86694da7ea08be95072d5ee7806ab3eb34,Dataset Package test_anchor_hash=5149a289f16b71509a923ccede164e58540b035e8fc6d9bac3eb036949f0491f; per-model test probabilities missing,completed,verified_oof_only,,conditionally_eligible,complete saved OOF but per-model test probabilities are not saved; import would require predictor inference,target_independent,C,G1_common_anchor_target_independent,a6dfa24914fae15653bded87b24bfc3e5922769cd97ce3601414a0d345104cd0,,No predictor was loaded during this audit.
autogluon__ag_v5_extreme_smoke_s42_20260731_210955__lightgbm_r73_bag_l1,autogluon_atomic,LightGBM,LightGBM_r73_BAG_L1,v5_joint_missingness_pattern,none,ag-v5-extreme-smoke-s42-20260731-210955,artifacts/autogluon_runs/ag-v5-extreme-smoke-s42-20260731-210955,artifacts/autogluon_runs/ag-v5-extreme-smoke-s42-20260731-210955/resolved_config.yaml,AutoGluon 8-fold bagged OOF; balanced_accuracy leaderboard,42,1 x 8 bag folds,0.794975092481,,,,available,10000,missing,,e583aadf66d2a2236811d1e171492899dd596e7fc40a7cee7138e90c16b50966,0e90ca9310a1df3e1858fb004a4b5a86694da7ea08be95072d5ee7806ab3eb34,Dataset Package test_anchor_hash=5149a289f16b71509a923ccede164e58540b035e8fc6d9bac3eb036949f0491f; per-model test probabilities missing,completed,verified_oof_only,,ineligible,exact probability duplicate; retain only canonical representative,exclude,excluded,G1_common_anchor_target_independent,fd69e9a4b5b374f7dfa18aa78af9717458a570cca12c5061b3dc8a15d0c47103,,No predictor was loaded during this audit. Exact OOF duplicate of autogluon__ag_v5_extreme_seqmem_s42_20260731_234518__lightgbm_r73_bag_l1.
autogluon__ag_v5_extreme_smoke_s42_20260731_210955__lightgbmprep_r13_bag_l1,autogluon_atomic,LightGBMPrep,LightGBMPrep_r13_BAG_L1,v5_joint_missingness_pattern,none,ag-v5-extreme-smoke-s42-20260731-210955,artifacts/autogluon_runs/ag-v5-extreme-smoke-s42-20260731-210955,artifacts/autogluon_runs/ag-v5-extreme-smoke-s42-20260731-210955/resolved_config.yaml,AutoGluon 8-fold bagged OOF; balanced_accuracy leaderboard,42,1 x 8 bag folds,0.81440031374,,,,available,10000,missing,,e583aadf66d2a2236811d1e171492899dd596e7fc40a7cee7138e90c16b50966,0e90ca9310a1df3e1858fb004a4b5a86694da7ea08be95072d5ee7806ab3eb34,Dataset Package test_anchor_hash=5149a289f16b71509a923ccede164e58540b035e8fc6d9bac3eb036949f0491f; per-model test probabilities missing,completed,verified_oof_only,,ineligible,exact probability duplicate; retain only canonical representative,exclude,excluded,G1_common_anchor_target_independent,8aeb5d423e20793e5d1d33911b698b5368856f5e48c1ccef6879f202d571ba21,,No predictor was loaded during this audit. Exact OOF duplicate of autogluon__ag_v5_extreme_seqmem_s42_20260731_234518__lightgbmprep_r13_bag_l1.
autogluon__ag_v5_extreme_smoke_s42_20260731_210955__lightgbmprep_r21_bag_l1,autogluon_atomic,LightGBMPrep,LightGBMPrep_r21_BAG_L1,v5_joint_missingness_pattern,none,ag-v5-extreme-smoke-s42-20260731-210955,artifacts/autogluon_runs/ag-v5-extreme-smoke-s42-20260731-210955,artifacts/autogluon_runs/ag-v5-extreme-smoke-s42-20260731-210955/resolved_config.yaml,AutoGluon 8-fold bagged OOF; balanced_accuracy leaderboard,42,1 x 8 bag folds,0.795051985221,,,,available,10000,missing,,e583aadf66d2a2236811d1e171492899dd596e7fc40a7cee7138e90c16b50966,0e90ca9310a1df3e1858fb004a4b5a86694da7ea08be95072d5ee7806ab3eb34,Dataset Package test_anchor_hash=5149a289f16b71509a923ccede164e58540b035e8fc6d9bac3eb036949f0491f; per-model test probabilities missing,completed,verified_oof_only,,ineligible,exact probability duplicate; retain only canonical representative,exclude,excluded,G1_common_anchor_target_independent,2587e11e69e66057bb8d1850e22b77a6fded321a25532a8c95c3540e23ffe459,,No predictor was loaded during this audit. Exact OOF duplicate of autogluon__ag_v5_extreme_seqmem_s42_20260731_234518__lightgbmprep_r21_bag_l1.
autogluon__ag_v5_extreme_smoke_s42_20260731_210955__lightgbmprep_r31_bag_l1,autogluon_atomic,LightGBMPrep,LightGBMPrep_r31_BAG_L1,v5_joint_missingness_pattern,none,ag-v5-extreme-smoke-s42-20260731-210955,artifacts/autogluon_runs/ag-v5-extreme-smoke-s42-20260731-210955,artifacts/autogluon_runs/ag-v5-extreme-smoke-s42-20260731-210955/resolved_config.yaml,AutoGluon 8-fold bagged OOF; balanced_accuracy leaderboard,42,1 x 8 bag folds,0.821219972724,,,,available,10000,missing,,e583aadf66d2a2236811d1e171492899dd596e7fc40a7cee7138e90c16b50966,0e90ca9310a1df3e1858fb004a4b5a86694da7ea08be95072d5ee7806ab3eb34,Dataset Package test_anchor_hash=5149a289f16b71509a923ccede164e58540b035e8fc6d9bac3eb036949f0491f; per-model test probabilities missing,completed,verified_oof_only,,ineligible,exact probability duplicate; retain only canonical representative,exclude,excluded,G1_common_anchor_target_independent,394b722db8b4bdfed5e6c99b060cc6b1b9860fb0dddea1ddefc1baf150015a23,,No predictor was loaded during this audit. Exact OOF duplicate of autogluon__ag_v5_extreme_seqmem_s42_20260731_234518__lightgbmprep_r31_bag_l1|autogluon__ag_v5_extreme_smoke_s42_20260731_210955__weightedensemble_l2.
autogluon__ag_v5_extreme_smoke_s42_20260731_210955__lightgbmprep_r41_bag_l1,autogluon_atomic,LightGBMPrep,LightGBMPrep_r41_BAG_L1,v5_joint_missingness_pattern,none,ag-v5-extreme-smoke-s42-20260731-210955,artifacts/autogluon_runs/ag-v5-extreme-smoke-s42-20260731-210955,artifacts/autogluon_runs/ag-v5-extreme-smoke-s42-20260731-210955/resolved_config.yaml,AutoGluon 8-fold bagged OOF; balanced_accuracy leaderboard,42,1 x 8 bag folds,0.819151139401,,,,available,10000,missing,,e583aadf66d2a2236811d1e171492899dd596e7fc40a7cee7138e90c16b50966,0e90ca9310a1df3e1858fb004a4b5a86694da7ea08be95072d5ee7806ab3eb34,Dataset Package test_anchor_hash=5149a289f16b71509a923ccede164e58540b035e8fc6d9bac3eb036949f0491f; per-model test probabilities missing,completed,verified_oof_only,,ineligible,exact probability duplicate; retain only canonical representative,exclude,excluded,G1_common_anchor_target_independent,5a98f1402099f6e1ebcc7f06e8b1d6ef38dc11ee132cc027570a4c488709b0e8,,No predictor was loaded during this audit. Exact OOF duplicate of autogluon__ag_v5_extreme_seqmem_s42_20260731_234518__lightgbmprep_r41_bag_l1.
autogluon__ag_v5_extreme_smoke_s42_20260731_210955__weightedensemble_l2,autogluon_ensemble,weighted_ensemble,WeightedEnsemble_L2,v5_joint_missingness_pattern,none,ag-v5-extreme-smoke-s42-20260731-210955,artifacts/autogluon_runs/ag-v5-extreme-smoke-s42-20260731-210955,artifacts/autogluon_runs/ag-v5-extreme-smoke-s42-20260731-210955/resolved_config.yaml,AutoGluon 8-fold bagged OOF; balanced_accuracy leaderboard,42,1 x 8 bag folds,0.821219972724,0.900667799127,0.098,,available,10000,missing,,e583aadf66d2a2236811d1e171492899dd596e7fc40a7cee7138e90c16b50966,0e90ca9310a1df3e1858fb004a4b5a86694da7ea08be95072d5ee7806ab3eb34,Dataset Package test_anchor_hash=5149a289f16b71509a923ccede164e58540b035e8fc6d9bac3eb036949f0491f; per-model test probabilities missing,completed,verified_oof_only,autogluon__ag_v5_extreme_smoke_s42_20260731_210955__lightgbmprep_r31_bag_l1,ineligible,exact probability duplicate; retain only canonical representative,exclude,excluded,G1_common_anchor_target_independent,394b722db8b4bdfed5e6c99b060cc6b1b9860fb0dddea1ddefc1baf150015a23,,No predictor was loaded during this audit. Exact OOF duplicate of autogluon__ag_v5_extreme_seqmem_s42_20260731_234518__lightgbmprep_r31_bag_l1|autogluon__ag_v5_extreme_smoke_s42_20260731_210955__lightgbmprep_r31_bag_l1.
autogluon__ag_v6_focused_hybrid_s42_20260801_183821__extratrees_r42_bag_l1,autogluon_atomic,ExtraTrees,ExtraTrees_r42_BAG_L1,v6_compact_missingness_indicators,none,ag-v6-focused-hybrid-s42-20260801-183821,artifacts/autogluon_runs/ag-v6-focused-hybrid-s42-20260801-183821,artifacts/autogluon_runs/ag-v6-focused-hybrid-s42-20260801-183821/resolved_config.yaml,AutoGluon 8-fold bagged OOF; balanced_accuracy leaderboard,42,1 x 8 bag folds,0.725607045049,,,,available,10000,missing,,e583aadf66d2a2236811d1e171492899dd596e7fc40a7cee7138e90c16b50966,0e90ca9310a1df3e1858fb004a4b5a86694da7ea08be95072d5ee7806ab3eb34,Dataset Package test_anchor_hash=5149a289f16b71509a923ccede164e58540b035e8fc6d9bac3eb036949f0491f; per-model test probabilities missing,completed,verified_oof_only,,conditionally_eligible,complete saved OOF but per-model test probabilities are not saved; import would require predictor inference,target_independent,C,G1_common_anchor_target_independent,2cef21cdd6c8876163b99ad591b608d844cee9e4aa1921280309f57bb19fd51f,,No predictor was loaded during this audit.
autogluon__ag_v6_focused_hybrid_s42_20260801_183821__extratreesgini_bag_l1,autogluon_atomic,ExtraTrees,ExtraTreesGini_BAG_L1,v6_compact_missingness_indicators,none,ag-v6-focused-hybrid-s42-20260801-183821,artifacts/autogluon_runs/ag-v6-focused-hybrid-s42-20260801-183821,artifacts/autogluon_runs/ag-v6-focused-hybrid-s42-20260801-183821/resolved_config.yaml,AutoGluon 8-fold bagged OOF; balanced_accuracy leaderboard,42,1 x 8 bag folds,0.611510997424,,,,available,10000,missing,,e583aadf66d2a2236811d1e171492899dd596e7fc40a7cee7138e90c16b50966,0e90ca9310a1df3e1858fb004a4b5a86694da7ea08be95072d5ee7806ab3eb34,Dataset Package test_anchor_hash=5149a289f16b71509a923ccede164e58540b035e8fc6d9bac3eb036949f0491f; per-model test probabilities missing,completed,verified_oof_only,,conditionally_eligible,complete saved OOF but per-model test probabilities are not saved; import would require predictor inference,target_independent,C,G1_common_anchor_target_independent,4089e02a2e77c89f23ae840bb73e7453ff90924bcc9c93268f023bfecf5c4431,,No predictor was loaded during this audit.
autogluon__ag_v6_focused_hybrid_s42_20260801_183821__lightgbmprep_r13_bag_l1,autogluon_atomic,LightGBMPrep,LightGBMPrep_r13_BAG_L1,v6_compact_missingness_indicators,none,ag-v6-focused-hybrid-s42-20260801-183821,artifacts/autogluon_runs/ag-v6-focused-hybrid-s42-20260801-183821,artifacts/autogluon_runs/ag-v6-focused-hybrid-s42-20260801-183821/resolved_config.yaml,AutoGluon 8-fold bagged OOF; balanced_accuracy leaderboard,42,1 x 8 bag folds,0.81577909531,,,,available,10000,missing,,e583aadf66d2a2236811d1e171492899dd596e7fc40a7cee7138e90c16b50966,0e90ca9310a1df3e1858fb004a4b5a86694da7ea08be95072d5ee7806ab3eb34,Dataset Package test_anchor_hash=5149a289f16b71509a923ccede164e58540b035e8fc6d9bac3eb036949f0491f; per-model test probabilities missing,completed,verified_oof_only,,conditionally_eligible,complete saved OOF but per-model test probabilities are not saved; import would require predictor inference,target_independent,C,G1_common_anchor_target_independent,48044099ba59265888ba5cc7a270c28e829396bf5aeff040b97acf9f6df6ea98,,No predictor was loaded during this audit.
autogluon__ag_v6_focused_hybrid_s42_20260801_183821__lightgbmprep_r31_bag_l1,autogluon_atomic,LightGBMPrep,LightGBMPrep_r31_BAG_L1,v6_compact_missingness_indicators,none,ag-v6-focused-hybrid-s42-20260801-183821,artifacts/autogluon_runs/ag-v6-focused-hybrid-s42-20260801-183821,artifacts/autogluon_runs/ag-v6-focused-hybrid-s42-20260801-183821/resolved_config.yaml,AutoGluon 8-fold bagged OOF; balanced_accuracy leaderboard,42,1 x 8 bag folds,0.821047459786,,,,available,10000,missing,,e583aadf66d2a2236811d1e171492899dd596e7fc40a7cee7138e90c16b50966,0e90ca9310a1df3e1858fb004a4b5a86694da7ea08be95072d5ee7806ab3eb34,Dataset Package test_anchor_hash=5149a289f16b71509a923ccede164e58540b035e8fc6d9bac3eb036949f0491f; per-model test probabilities missing,completed,verified_oof_only,,conditionally_eligible,complete saved OOF but per-model test probabilities are not saved; import would require predictor inference,target_independent,A,G1_common_anchor_target_independent,5b8eee0097bb5f4a13f385c8c95e987b380869ce0e38f16825d4e0775cba88fd,,No predictor was loaded during this audit.
autogluon__ag_v6_focused_hybrid_s42_20260801_183821__lightgbmprep_r41_bag_l1,autogluon_atomic,LightGBMPrep,LightGBMPrep_r41_BAG_L1,v6_compact_missingness_indicators,none,ag-v6-focused-hybrid-s42-20260801-183821,artifacts/autogluon_runs/ag-v6-focused-hybrid-s42-20260801-183821,artifacts/autogluon_runs/ag-v6-focused-hybrid-s42-20260801-183821/resolved_config.yaml,AutoGluon 8-fold bagged OOF; balanced_accuracy leaderboard,42,1 x 8 bag folds,0.817503563725,,,,available,10000,missing,,e583aadf66d2a2236811d1e171492899dd596e7fc40a7cee7138e90c16b50966,0e90ca9310a1df3e1858fb004a4b5a86694da7ea08be95072d5ee7806ab3eb34,Dataset Package test_anchor_hash=5149a289f16b71509a923ccede164e58540b035e8fc6d9bac3eb036949f0491f; per-model test probabilities missing,completed,verified_oof_only,,conditionally_eligible,complete saved OOF but per-model test probabilities are not saved; import would require predictor inference,target_independent,A,G1_common_anchor_target_independent,503579ae0ba6fc8098ac7bb1d96cb7d6e854129fe5e18bc29378a059112e8cb9,,No predictor was loaded during this audit.
autogluon__ag_v6_focused_hybrid_s42_20260801_183821__neuralnettorch_r31_bag_l1,autogluon_atomic,NeuralNetTorch,NeuralNetTorch_r31_BAG_L1,v6_compact_missingness_indicators,none,ag-v6-focused-hybrid-s42-20260801-183821,artifacts/autogluon_runs/ag-v6-focused-hybrid-s42-20260801-183821,artifacts/autogluon_runs/ag-v6-focused-hybrid-s42-20260801-183821/resolved_config.yaml,AutoGluon 8-fold bagged OOF; balanced_accuracy leaderboard,42,1 x 8 bag folds,0.824732803236,,,,available,10000,missing,,e583aadf66d2a2236811d1e171492899dd596e7fc40a7cee7138e90c16b50966,0e90ca9310a1df3e1858fb004a4b5a86694da7ea08be95072d5ee7806ab3eb34,Dataset Package test_anchor_hash=5149a289f16b71509a923ccede164e58540b035e8fc6d9bac3eb036949f0491f; per-model test probabilities missing,completed,verified_oof_only,,conditionally_eligible,complete saved OOF but per-model test probabilities are not saved; import would require predictor inference,diagnostic_only,B,G1_common_anchor_target_independent,b501c2154fad95d128db5d7cf32c0502613c7bfcc8653b41fb9adcd8c0d53143,,No predictor was loaded during this audit.
autogluon__ag_v6_focused_hybrid_s42_20260801_183821__neuralnettorch_r37_bag_l1,autogluon_atomic,NeuralNetTorch,NeuralNetTorch_r37_BAG_L1,v6_compact_missingness_indicators,none,ag-v6-focused-hybrid-s42-20260801-183821,artifacts/autogluon_runs/ag-v6-focused-hybrid-s42-20260801-183821,artifacts/autogluon_runs/ag-v6-focused-hybrid-s42-20260801-183821/resolved_config.yaml,AutoGluon 8-fold bagged OOF; balanced_accuracy leaderboard,42,1 x 8 bag folds,0.813057224503,,,,available,10000,missing,,e583aadf66d2a2236811d1e171492899dd596e7fc40a7cee7138e90c16b50966,0e90ca9310a1df3e1858fb004a4b5a86694da7ea08be95072d5ee7806ab3eb34,Dataset Package test_anchor_hash=5149a289f16b71509a923ccede164e58540b035e8fc6d9bac3eb036949f0491f; per-model test probabilities missing,completed,verified_oof_only,,conditionally_eligible,complete saved OOF but per-model test probabilities are not saved; import would require predictor inference,target_independent,A,G1_common_anchor_target_independent,c6fc031d5ce7bd46bb8c1d1b5947a3d65a0bfcd81095e7c610b72c552f7aad20,,No predictor was loaded during this audit.
autogluon__ag_v6_focused_hybrid_s42_20260801_183821__realtabpfn_v2_r11_bag_l1,autogluon_atomic,RealTabPFN-v2,RealTabPFN-v2_r11_BAG_L1,v6_compact_missingness_indicators,none,ag-v6-focused-hybrid-s42-20260801-183821,artifacts/autogluon_runs/ag-v6-focused-hybrid-s42-20260801-183821,artifacts/autogluon_runs/ag-v6-focused-hybrid-s42-20260801-183821/resolved_config.yaml,AutoGluon 8-fold bagged OOF; balanced_accuracy leaderboard,42,1 x 8 bag folds,0.879241163394,,,,available,10000,missing,,e583aadf66d2a2236811d1e171492899dd596e7fc40a7cee7138e90c16b50966,0e90ca9310a1df3e1858fb004a4b5a86694da7ea08be95072d5ee7806ab3eb34,Dataset Package test_anchor_hash=5149a289f16b71509a923ccede164e58540b035e8fc6d9bac3eb036949f0491f; per-model test probabilities missing,completed,verified_oof_only,,conditionally_eligible,complete saved OOF but per-model test probabilities are not saved; import would require predictor inference,target_independent,A,G1_common_anchor_target_independent,36d701b7638be84b2cb00dd1f92574ccc4c5ebfc9c6475348aad9d61434aed11,,No predictor was loaded during this audit.
autogluon__ag_v6_focused_hybrid_s42_20260801_183821__weightedensemble_l2,autogluon_ensemble,weighted_ensemble,WeightedEnsemble_L2,v6_compact_missingness_indicators,none,ag-v6-focused-hybrid-s42-20260801-183821,artifacts/autogluon_runs/ag-v6-focused-hybrid-s42-20260801-183821,artifacts/autogluon_runs/ag-v6-focused-hybrid-s42-20260801-183821/resolved_config.yaml,AutoGluon 8-fold bagged OOF; balanced_accuracy leaderboard,42,1 x 8 bag folds,0.883923027944,0.8874477559,0.306,,available,10000,missing,,e583aadf66d2a2236811d1e171492899dd596e7fc40a7cee7138e90c16b50966,0e90ca9310a1df3e1858fb004a4b5a86694da7ea08be95072d5ee7806ab3eb34,Dataset Package test_anchor_hash=5149a289f16b71509a923ccede164e58540b035e8fc6d9bac3eb036949f0491f; per-model test probabilities missing,completed,verified_oof_only,autogluon__ag_v6_focused_hybrid_s42_20260801_183821__lightgbmprep_r31_bag_l1|autogluon__ag_v6_focused_hybrid_s42_20260801_183821__lightgbmprep_r41_bag_l1|autogluon__ag_v6_focused_hybrid_s42_20260801_183821__neuralnettorch_r37_bag_l1|autogluon__ag_v6_focused_hybrid_s42_20260801_183821__realtabpfn_v2_r11_bag_l1,conditionally_eligible,complete saved OOF but per-model test probabilities are not saved; import would require predictor inference,target_independent,A,G1_common_anchor_target_independent,6d7ca55ea10d124170d618714de1c2dd22d09bbe534f8389c15b6bc78dc6f784,,No predictor was loaded during this audit.
autogluon__ag_v6_focused_hybrid_s42_20260801_183821__xgboost_bag_l1,autogluon_atomic,XGBoost,XGBoost_BAG_L1,v6_compact_missingness_indicators,none,ag-v6-focused-hybrid-s42-20260801-183821,artifacts/autogluon_runs/ag-v6-focused-hybrid-s42-20260801-183821,artifacts/autogluon_runs/ag-v6-focused-hybrid-s42-20260801-183821/resolved_config.yaml,AutoGluon 8-fold bagged OOF; balanced_accuracy leaderboard,42,1 x 8 bag folds,0.804035436757,,,,available,10000,missing,,e583aadf66d2a2236811d1e171492899dd596e7fc40a7cee7138e90c16b50966,0e90ca9310a1df3e1858fb004a4b5a86694da7ea08be95072d5ee7806ab3eb34,Dataset Package test_anchor_hash=5149a289f16b71509a923ccede164e58540b035e8fc6d9bac3eb036949f0491f; per-model test probabilities missing,completed,verified_oof_only,,conditionally_eligible,complete saved OOF but per-model test probabilities are not saved; import would require predictor inference,target_independent,C,G1_common_anchor_target_independent,5b0f34e959ab8557016c0aaad5963832e15b9e462680eb15a6f6c0791323e945,,No predictor was loaded during this audit.
autogluon__ag_v6_focused_hybrid_s42_20260801_183821__xgboost_r33_bag_l1,autogluon_atomic,XGBoost,XGBoost_r33_BAG_L1,v6_compact_missingness_indicators,none,ag-v6-focused-hybrid-s42-20260801-183821,artifacts/autogluon_runs/ag-v6-focused-hybrid-s42-20260801-183821,artifacts/autogluon_runs/ag-v6-focused-hybrid-s42-20260801-183821/resolved_config.yaml,AutoGluon 8-fold bagged OOF; balanced_accuracy leaderboard,42,1 x 8 bag folds,0.790032365454,,,,available,10000,missing,,e583aadf66d2a2236811d1e171492899dd596e7fc40a7cee7138e90c16b50966,0e90ca9310a1df3e1858fb004a4b5a86694da7ea08be95072d5ee7806ab3eb34,Dataset Package test_anchor_hash=5149a289f16b71509a923ccede164e58540b035e8fc6d9bac3eb036949f0491f; per-model test probabilities missing,completed,verified_oof_only,,conditionally_eligible,complete saved OOF but per-model test probabilities are not saved; import would require predictor inference,target_independent,C,G1_common_anchor_target_independent,23ca2db80733c00f16a90b5b5abdef63a3153e1eb551dcc5fbc177c62090ddb2,,No predictor was loaded during this audit.
autogluon__ag_v6_focused_hybrid_s42_20260801_183821__xgboost_r89_bag_l1,autogluon_atomic,XGBoost,XGBoost_r89_BAG_L1,v6_compact_missingness_indicators,none,ag-v6-focused-hybrid-s42-20260801-183821,artifacts/autogluon_runs/ag-v6-focused-hybrid-s42-20260801-183821,artifacts/autogluon_runs/ag-v6-focused-hybrid-s42-20260801-183821/resolved_config.yaml,AutoGluon 8-fold bagged OOF; balanced_accuracy leaderboard,42,1 x 8 bag folds,0.807215579483,,,,available,10000,missing,,e583aadf66d2a2236811d1e171492899dd596e7fc40a7cee7138e90c16b50966,0e90ca9310a1df3e1858fb004a4b5a86694da7ea08be95072d5ee7806ab3eb34,Dataset Package test_anchor_hash=5149a289f16b71509a923ccede164e58540b035e8fc6d9bac3eb036949f0491f; per-model test probabilities missing,completed,verified_oof_only,,conditionally_eligible,complete saved OOF but per-model test probabilities are not saved; import would require predictor inference,target_independent,C,G1_common_anchor_target_independent,5f6170c88e350d440095ea74aaf1d9d75a8136da2da6c9f7e383754bd7a720e6,,No predictor was loaded during this audit.
autogluon_legacy__autogluon_v3_extreme_8h_20260726__catboost_c1_bag_l1,autogluon_atomic,CatBoost,CatBoost_c1_BAG_L1,v3_targeted_missingness,exploratory,autogluon_v3_extreme_8h_20260726,artifacts/autogluon/autogluon_v3_extreme_8h_20260726,,legacy AutoGluon 8-fold bagged OOF (unsealed predictor tree),0,1 x 8 bag folds,0.800837888512,,,,available,10000,missing,,,,test probabilities missing,historical_unsealed,legacy_internal_oof_unsealed,,unknown,OOF exists only as internal legacy pickle; test probabilities and/or identity evidence missing,diagnostic_only,C,G3_identity_unproven,e80f73532cc1c9cdba9100899f1ef8470316539dcf0b26e7803327d0242fd154,,No trained model was loaded; internal oof.pkl inspected as a prediction artifact only. Exact OOF duplicate of autogluon_legacy__autogluon_v3_targeted_missingness_extreme__catboost_c1_bag_l1.
autogluon_legacy__autogluon_v3_extreme_8h_20260726__lightgbm_r162_bag_l1,autogluon_atomic,LightGBM,LightGBM_r162_BAG_L1,v3_targeted_missingness,exploratory,autogluon_v3_extreme_8h_20260726,artifacts/autogluon/autogluon_v3_extreme_8h_20260726,,legacy AutoGluon 8-fold bagged OOF (unsealed predictor tree),0,1 x 8 bag folds,0.78281083725,,,,available,10000,missing,,,,test probabilities missing,historical_unsealed,legacy_internal_oof_unsealed,,unknown,OOF exists only as internal legacy pickle; test probabilities and/or identity evidence missing,diagnostic_only,C,G3_identity_unproven,af2b5e2f2b22d9e6ef5dd3cc1cb4e611952e445f8ca286a45e2feedc26007361,,No trained model was loaded; internal oof.pkl inspected as a prediction artifact only.
autogluon_legacy__autogluon_v3_extreme_8h_20260726__lightgbm_r33_bag_l1,autogluon_atomic,LightGBM,LightGBM_r33_BAG_L1,v3_targeted_missingness,exploratory,autogluon_v3_extreme_8h_20260726,artifacts/autogluon/autogluon_v3_extreme_8h_20260726,,legacy AutoGluon 8-fold bagged OOF (unsealed predictor tree),0,1 x 8 bag folds,0.790569292697,,,,available,10000,missing,,,,test probabilities missing,historical_unsealed,legacy_internal_oof_unsealed,,unknown,OOF exists only as internal legacy pickle; test probabilities and/or identity evidence missing,diagnostic_only,C,G3_identity_unproven,4f95143c7634b389b7651cd73658a9e26a062b060fc03ee8ab6939c7784a2ac8,,No trained model was loaded; internal oof.pkl inspected as a prediction artifact only.
autogluon_legacy__autogluon_v3_extreme_8h_20260726__lightgbm_r37_bag_l1,autogluon_atomic,LightGBM,LightGBM_r37_BAG_L1,v3_targeted_missingness,exploratory,autogluon_v3_extreme_8h_20260726,artifacts/autogluon/autogluon_v3_extreme_8h_20260726,,legacy AutoGluon 8-fold bagged OOF (unsealed predictor tree),0,1 x 8 bag folds,0.781085046896,,,,available,10000,missing,,,,test probabilities missing,historical_unsealed,legacy_internal_oof_unsealed,,unknown,OOF exists only as internal legacy pickle; test probabilities and/or identity evidence missing,diagnostic_only,C,G3_identity_unproven,9b5a324635dd84be9af24f0c9b9bc32d6be3f1cf3d7d592a9d91dc8e35892add,,No trained model was loaded; internal oof.pkl inspected as a prediction artifact only. Exact OOF duplicate of autogluon_legacy__autogluon_v3_targeted_missingness_extreme__lightgbm_r37_bag_l1.
autogluon_legacy__autogluon_v3_extreme_8h_20260726__lightgbm_r57_bag_l1,autogluon_atomic,LightGBM,LightGBM_r57_BAG_L1,v3_targeted_missingness,exploratory,autogluon_v3_extreme_8h_20260726,artifacts/autogluon/autogluon_v3_extreme_8h_20260726,,legacy AutoGluon 8-fold bagged OOF (unsealed predictor tree),0,1 x 8 bag folds,0.684573421551,,,,available,10000,missing,,,,test probabilities missing,historical_unsealed,legacy_internal_oof_unsealed,,unknown,OOF exists only as internal legacy pickle; test probabilities and/or identity evidence missing,diagnostic_only,C,G3_identity_unproven,4d7a75d1dd86c7963929b9802fd261cbcf607e850a168560289f700623092940,,No trained model was loaded; internal oof.pkl inspected as a prediction artifact only.
autogluon_legacy__autogluon_v3_extreme_8h_20260726__lightgbm_r73_bag_l1,autogluon_atomic,LightGBM,LightGBM_r73_BAG_L1,v3_targeted_missingness,exploratory,autogluon_v3_extreme_8h_20260726,artifacts/autogluon/autogluon_v3_extreme_8h_20260726,,legacy AutoGluon 8-fold bagged OOF (unsealed predictor tree),0,1 x 8 bag folds,0.797254554628,,,,available,10000,missing,,,,test probabilities missing,historical_unsealed,legacy_internal_oof_unsealed,,unknown,OOF exists only as internal legacy pickle; test probabilities and/or identity evidence missing,diagnostic_only,C,G3_identity_unproven,c6382b0132b37bb540b816d11b567564b5ba2510a1cdbeab71d8aa1f5221172e,,No trained model was loaded; internal oof.pkl inspected as a prediction artifact only. Exact OOF duplicate of autogluon_legacy__autogluon_v3_targeted_missingness_extreme__lightgbm_r73_bag_l1.
autogluon_legacy__autogluon_v3_extreme_8h_20260726__lightgbmprep_r13_bag_l1,autogluon_atomic,LightGBMPrep,LightGBMPrep_r13_BAG_L1,v3_targeted_missingness,exploratory,autogluon_v3_extreme_8h_20260726,artifacts/autogluon/autogluon_v3_extreme_8h_20260726,,legacy AutoGluon 8-fold bagged OOF (unsealed predictor tree),0,1 x 8 bag folds,0.820741210763,,,,available,10000,missing,,,,test probabilities missing,historical_unsealed,legacy_internal_oof_unsealed,,unknown,OOF exists only as internal legacy pickle; test probabilities and/or identity evidence missing,diagnostic_only,C,G3_identity_unproven,251d2cd56c5ef1b20cb466a9a583b718cfbb16ff906a96aae5a2eaf077e1bf1c,,No trained model was loaded; internal oof.pkl inspected as a prediction artifact only. Exact OOF duplicate of autogluon_legacy__autogluon_v3_targeted_missingness_extreme__lightgbmprep_r13_bag_l1.
autogluon_legacy__autogluon_v3_extreme_8h_20260726__lightgbmprep_r17_bag_l1,autogluon_atomic,LightGBMPrep,LightGBMPrep_r17_BAG_L1,v3_targeted_missingness,exploratory,autogluon_v3_extreme_8h_20260726,artifacts/autogluon/autogluon_v3_extreme_8h_20260726,,legacy AutoGluon 8-fold bagged OOF (unsealed predictor tree),0,1 x 8 bag folds,0.813883435894,,,,available,10000,missing,,,,test probabilities missing,historical_unsealed,legacy_internal_oof_unsealed,,unknown,OOF exists only as internal legacy pickle; test probabilities and/or identity evidence missing,diagnostic_only,C,G3_identity_unproven,f64513a9cb69fbb6e2d2a0c89391c1732c54f5a6e0999421c492014adf451b6e,,No trained model was loaded; internal oof.pkl inspected as a prediction artifact only.
autogluon_legacy__autogluon_v3_extreme_8h_20260726__lightgbmprep_r21_bag_l1,autogluon_atomic,LightGBMPrep,LightGBMPrep_r21_BAG_L1,v3_targeted_missingness,exploratory,autogluon_v3_extreme_8h_20260726,artifacts/autogluon/autogluon_v3_extreme_8h_20260726,,legacy AutoGluon 8-fold bagged OOF (unsealed predictor tree),0,1 x 8 bag folds,0.793940675819,,,,available,10000,missing,,,,test probabilities missing,historical_unsealed,legacy_internal_oof_unsealed,,unknown,OOF exists only as internal legacy pickle; test probabilities and/or identity evidence missing,diagnostic_only,C,G3_identity_unproven,c5c91bb7a91067669980f9f986c52a31f363df3d440bde428282635d6fa5098b,,No trained model was loaded; internal oof.pkl inspected as a prediction artifact only. Exact OOF duplicate of autogluon_legacy__autogluon_v3_targeted_missingness_extreme__lightgbmprep_r21_bag_l1.
autogluon_legacy__autogluon_v3_extreme_8h_20260726__lightgbmprep_r31_bag_l1,autogluon_atomic,LightGBMPrep,LightGBMPrep_r31_BAG_L1,v3_targeted_missingness,exploratory,autogluon_v3_extreme_8h_20260726,artifacts/autogluon/autogluon_v3_extreme_8h_20260726,,legacy AutoGluon 8-fold bagged OOF (unsealed predictor tree),0,1 x 8 bag folds,0.824591355846,0.895158,0.117,0.9112,available,10000,available,2500,e583aadf66d2a2236811d1e171492899dd596e7fc40a7cee7138e90c16b50966,0e90ca9310a1df3e1858fb004a4b5a86694da7ea08be95072d5ee7806ab3eb34,row_index 0..2499; test_anchor_hash=5149a289f16b71509a923ccede164e58540b035e8fc6d9bac3eb036949f0491f; ordered_row_position_hash=6f8d86365e60041769db51cc9287d7efe027afa20250251973af5d77d2bb2eeb,historical_unsealed,verified_explicit_probability_export,,eligible,complete explicit OOF/test export with target and row indices verified,exploratory,A,G2_common_anchor_exploratory,cc0d2a6c231982bb1f7400b289b1a6846b3d47237f960f6595227246cec5a1cd,31f8ea2ebca1f29e8e7c619bb33a13a2a13e6910267da3b52a547bfd364ea130,No trained model was loaded. Historical 0.9112 link is supported by benchmark ledger. Exact OOF duplicate of autogluon_legacy__autogluon_v3_extreme_8h_20260726__weightedensemble_l2|autogluon_legacy__autogluon_v3_targeted_missingness_extreme__lightgbmprep_r31_bag_l1|autogluon_legacy__autogluon_v3_targeted_missingness_extreme__weightedensemble_l2.
autogluon_legacy__autogluon_v3_extreme_8h_20260726__lightgbmprep_r41_bag_l1,autogluon_atomic,LightGBMPrep,LightGBMPrep_r41_BAG_L1,v3_targeted_missingness,exploratory,autogluon_v3_extreme_8h_20260726,artifacts/autogluon/autogluon_v3_extreme_8h_20260726,,legacy AutoGluon 8-fold bagged OOF (unsealed predictor tree),0,1 x 8 bag folds,0.818442360189,,,,available,10000,missing,,,,test probabilities missing,historical_unsealed,legacy_internal_oof_unsealed,,unknown,OOF exists only as internal legacy pickle; test probabilities and/or identity evidence missing,diagnostic_only,C,G3_identity_unproven,0962eb9b9c2864c9db31c541ab254bfbf6fe3553d300643429158d0b56def0d1,,No trained model was loaded; internal oof.pkl inspected as a prediction artifact only. Exact OOF duplicate of autogluon_legacy__autogluon_v3_targeted_missingness_extreme__lightgbmprep_r41_bag_l1.
autogluon_legacy__autogluon_v3_extreme_8h_20260726__weightedensemble_l2,autogluon_ensemble,weighted_ensemble,WeightedEnsemble_L2,v3_targeted_missingness,exploratory,autogluon_v3_extreme_8h_20260726,artifacts/autogluon/autogluon_v3_extreme_8h_20260726,,legacy AutoGluon 8-fold bagged OOF (unsealed predictor tree),0,1 x 8 bag folds,0.824591355846,,,,available,10000,available,2500,,,"2,500 probabilities exist, but no explicit row identity/order field",historical_unsealed,legacy_internal_oof_unsealed,same-run level-1 components; exact weights unavailable,ineligible,exact probability duplicate; retain only canonical representative,exclude,excluded,G3_identity_unproven,cc0d2a6c231982bb1f7400b289b1a6846b3d47237f960f6595227246cec5a1cd,31f8ea2ebca1f29e8e7c619bb33a13a2a13e6910267da3b52a547bfd364ea130,No trained model was loaded; internal oof.pkl inspected as a prediction artifact only. Exact OOF duplicate of autogluon_legacy__autogluon_v3_extreme_8h_20260726__lightgbmprep_r31_bag_l1|autogluon_legacy__autogluon_v3_targeted_missingness_extreme__lightgbmprep_r31_bag_l1|autogluon_legacy__autogluon_v3_targeted_missingness_extreme__weightedensemble_l2.
autogluon_legacy__autogluon_v3_extreme_seqmem_8h_20260726__lightgbmprep_r13_bag_l1,autogluon_atomic,LightGBMPrep,LightGBMPrep_r13_BAG_L1,v3_targeted_missingness,exploratory,autogluon_v3_extreme_seqmem_8h_20260726,artifacts/autogluon/autogluon_v3_extreme_seqmem_8h_20260726,,legacy AutoGluon 8-fold bagged OOF (unsealed predictor tree),0,1 x 8 bag folds,,,,,available,10000,missing,,,,test probabilities missing,historical_unsealed,legacy_internal_oof_unsealed,,unknown,OOF exists only as internal legacy pickle; test probabilities and/or identity evidence missing,diagnostic_only,C,G3_identity_unproven,20a19b902c06002757d72d5c77d2fca58a33399f30601f5f38f7a23227069070,,No trained model was loaded; internal oof.pkl inspected as a prediction artifact only.
autogluon_legacy__autogluon_v3_extreme_seqmem_8h_20260726__realtabpfn_v2_c1_bag_l1,autogluon_atomic,RealTabPFN-v2,RealTabPFN-v2_c1_BAG_L1,v3_targeted_missingness,exploratory,autogluon_v3_extreme_seqmem_8h_20260726,artifacts/autogluon/autogluon_v3_extreme_seqmem_8h_20260726,,legacy AutoGluon 8-fold bagged OOF (unsealed predictor tree),0,1 x 8 bag folds,,,,,available,10000,missing,,,,test probabilities missing,historical_unsealed,legacy_internal_oof_unsealed,,unknown,OOF exists only as internal legacy pickle; test probabilities and/or identity evidence missing,diagnostic_only,C,G3_identity_unproven,d36b894d1d8464fdd4845158fc5600927a350aedc27ea573240747a75f0a4ad1,,No trained model was loaded; internal oof.pkl inspected as a prediction artifact only.
autogluon_legacy__autogluon_v3_extreme_seqmem_8h_20260726__realtabpfn_v2_r106_bag_l1,autogluon_atomic,RealTabPFN-v2,RealTabPFN-v2_r106_BAG_L1,v3_targeted_missingness,exploratory,autogluon_v3_extreme_seqmem_8h_20260726,artifacts/autogluon/autogluon_v3_extreme_seqmem_8h_20260726,,legacy AutoGluon 8-fold bagged OOF (unsealed predictor tree),0,1 x 8 bag folds,,,,,available,10000,missing,,,,test probabilities missing,historical_unsealed,legacy_internal_oof_unsealed,,unknown,OOF exists only as internal legacy pickle; test probabilities and/or identity evidence missing,diagnostic_only,C,G3_identity_unproven,96324bf61515dee5f1706f2d087815a0f2f78e541346b482838e20ad728eb766,,No trained model was loaded; internal oof.pkl inspected as a prediction artifact only. Exact OOF duplicate of autogluon_legacy__autogluon_v3_targeted_missingness_extreme__realtabpfn_v2_r106_bag_l1.
autogluon_legacy__autogluon_v3_extreme_seqmem_8h_20260726__realtabpfn_v2_r11_bag_l1,autogluon_atomic,RealTabPFN-v2,RealTabPFN-v2_r11_BAG_L1,v3_targeted_missingness,exploratory,autogluon_v3_extreme_seqmem_8h_20260726,artifacts/autogluon/autogluon_v3_extreme_seqmem_8h_20260726,,legacy AutoGluon 8-fold bagged OOF (unsealed predictor tree),0,1 x 8 bag folds,,,,,available,10000,missing,,,,test probabilities missing,historical_unsealed,legacy_internal_oof_unsealed,,unknown,OOF exists only as internal legacy pickle; test probabilities and/or identity evidence missing,diagnostic_only,C,G3_identity_unproven,58b7fc25da8c5c17930e1a60ed52b71506dd8aa9ce4e1d69bca61ec81b7d39ac,,No trained model was loaded; internal oof.pkl inspected as a prediction artifact only.
autogluon_legacy__autogluon_v3_extreme_seqmem_8h_20260726__realtabpfn_v2_r13_bag_l1,autogluon_atomic,RealTabPFN-v2,RealTabPFN-v2_r13_BAG_L1,v3_targeted_missingness,exploratory,autogluon_v3_extreme_seqmem_8h_20260726,artifacts/autogluon/autogluon_v3_extreme_seqmem_8h_20260726,,legacy AutoGluon 8-fold bagged OOF (unsealed predictor tree),0,1 x 8 bag folds,,,,,available,10000,missing,,,,test probabilities missing,historical_unsealed,legacy_internal_oof_unsealed,,unknown,OOF exists only as internal legacy pickle; test probabilities and/or identity evidence missing,diagnostic_only,C,G3_identity_unproven,bc56ab42be48c27255d6f39f400b49a68fa0370a6c7d90d330c9adbfcd8ba1ad,,No trained model was loaded; internal oof.pkl inspected as a prediction artifact only. Exact OOF duplicate of autogluon_legacy__autogluon_v3_targeted_missingness_extreme__realtabpfn_v2_r13_bag_l1.
autogluon_legacy__autogluon_v3_extreme_seqmem_8h_20260726__realtabpfn_v2_r196_bag_l1,autogluon_atomic,RealTabPFN-v2,RealTabPFN-v2_r196_BAG_L1,v3_targeted_missingness,exploratory,autogluon_v3_extreme_seqmem_8h_20260726,artifacts/autogluon/autogluon_v3_extreme_seqmem_8h_20260726,,legacy AutoGluon 8-fold bagged OOF (unsealed predictor tree),0,1 x 8 bag folds,,,,,available,10000,missing,,,,test probabilities missing,historical_unsealed,legacy_internal_oof_unsealed,,unknown,OOF exists only as internal legacy pickle; test probabilities and/or identity evidence missing,diagnostic_only,C,G3_identity_unproven,54ca96ab5df583a3eb8f6b6ac9cf54c7de6b2bb2732619b9e1fa0b081e1b7e37,,No trained model was loaded; internal oof.pkl inspected as a prediction artifact only.
autogluon_legacy__autogluon_v3_extreme_seqmem_8h_20260726__tabm_r99_bag_l1,autogluon_atomic,TabM,TabM_r99_BAG_L1,v3_targeted_missingness,exploratory,autogluon_v3_extreme_seqmem_8h_20260726,artifacts/autogluon/autogluon_v3_extreme_seqmem_8h_20260726,,legacy AutoGluon 8-fold bagged OOF (unsealed predictor tree),0,1 x 8 bag folds,,,,,available,10000,missing,,,,test probabilities missing,historical_unsealed,legacy_internal_oof_unsealed,,unknown,OOF exists only as internal legacy pickle; test probabilities and/or identity evidence missing,diagnostic_only,C,G3_identity_unproven,22638cf033e1e254c36e7379a3520eb1be4927ac16e2cb441c021df208d613a2,,No trained model was loaded; internal oof.pkl inspected as a prediction artifact only.
autogluon_legacy__autogluon_v3_targeted_missingness_best_quality__lightgbm_bag_l1,autogluon_atomic,LightGBM,LightGBM_BAG_L1,v3_targeted_missingness,exploratory,autogluon_v3_targeted_missingness_best_quality,artifacts/autogluon/autogluon_v3_targeted_missingness_best_quality,,legacy AutoGluon 8-fold bagged OOF (unsealed predictor tree),0,1 x 8 bag folds,,,,,available,10000,missing,,,,test probabilities missing,historical_unsealed,legacy_internal_oof_unsealed,,unknown,OOF exists only as internal legacy pickle; test probabilities and/or identity evidence missing,diagnostic_only,C,G3_identity_unproven,2c144e3bd7466d8326751d92f478ac57918abcf38c4fb254992c7beb6fd05b76,,No trained model was loaded; internal oof.pkl inspected as a prediction artifact only.
autogluon_legacy__autogluon_v3_targeted_missingness_extreme__catboost_c1_bag_l1,autogluon_atomic,CatBoost,CatBoost_c1_BAG_L1,v3_targeted_missingness,exploratory,autogluon_v3_targeted_missingness_extreme,artifacts/autogluon/autogluon_v3_targeted_missingness_extreme,,legacy AutoGluon 8-fold bagged OOF (unsealed predictor tree),0,1 x 8 bag folds,,,,,available,10000,missing,,,,test probabilities missing,historical_unsealed,legacy_internal_oof_unsealed,,ineligible,exact probability duplicate; retain only canonical representative,exclude,excluded,G3_identity_unproven,e80f73532cc1c9cdba9100899f1ef8470316539dcf0b26e7803327d0242fd154,,No trained model was loaded; internal oof.pkl inspected as a prediction artifact only. Exact OOF duplicate of autogluon_legacy__autogluon_v3_extreme_8h_20260726__catboost_c1_bag_l1.
autogluon_legacy__autogluon_v3_targeted_missingness_extreme__lightgbm_r37_bag_l1,autogluon_atomic,LightGBM,LightGBM_r37_BAG_L1,v3_targeted_missingness,exploratory,autogluon_v3_targeted_missingness_extreme,artifacts/autogluon/autogluon_v3_targeted_missingness_extreme,,legacy AutoGluon 8-fold bagged OOF (unsealed predictor tree),0,1 x 8 bag folds,,,,,available,10000,missing,,,,test probabilities missing,historical_unsealed,legacy_internal_oof_unsealed,,ineligible,exact probability duplicate; retain only canonical representative,exclude,excluded,G3_identity_unproven,9b5a324635dd84be9af24f0c9b9bc32d6be3f1cf3d7d592a9d91dc8e35892add,,No trained model was loaded; internal oof.pkl inspected as a prediction artifact only. Exact OOF duplicate of autogluon_legacy__autogluon_v3_extreme_8h_20260726__lightgbm_r37_bag_l1.
autogluon_legacy__autogluon_v3_targeted_missingness_extreme__lightgbm_r73_bag_l1,autogluon_atomic,LightGBM,LightGBM_r73_BAG_L1,v3_targeted_missingness,exploratory,autogluon_v3_targeted_missingness_extreme,artifacts/autogluon/autogluon_v3_targeted_missingness_extreme,,legacy AutoGluon 8-fold bagged OOF (unsealed predictor tree),0,1 x 8 bag folds,,,,,available,10000,missing,,,,test probabilities missing,historical_unsealed,legacy_internal_oof_unsealed,,ineligible,exact probability duplicate; retain only canonical representative,exclude,excluded,G3_identity_unproven,c6382b0132b37bb540b816d11b567564b5ba2510a1cdbeab71d8aa1f5221172e,,No trained model was loaded; internal oof.pkl inspected as a prediction artifact only. Exact OOF duplicate of autogluon_legacy__autogluon_v3_extreme_8h_20260726__lightgbm_r73_bag_l1.
autogluon_legacy__autogluon_v3_targeted_missingness_extreme__lightgbmprep_r13_bag_l1,autogluon_atomic,LightGBMPrep,LightGBMPrep_r13_BAG_L1,v3_targeted_missingness,exploratory,autogluon_v3_targeted_missingness_extreme,artifacts/autogluon/autogluon_v3_targeted_missingness_extreme,,legacy AutoGluon 8-fold bagged OOF (unsealed predictor tree),0,1 x 8 bag folds,,,,,available,10000,missing,,,,test probabilities missing,historical_unsealed,legacy_internal_oof_unsealed,,ineligible,exact probability duplicate; retain only canonical representative,exclude,excluded,G3_identity_unproven,251d2cd56c5ef1b20cb466a9a583b718cfbb16ff906a96aae5a2eaf077e1bf1c,,No trained model was loaded; internal oof.pkl inspected as a prediction artifact only. Exact OOF duplicate of autogluon_legacy__autogluon_v3_extreme_8h_20260726__lightgbmprep_r13_bag_l1.
autogluon_legacy__autogluon_v3_targeted_missingness_extreme__lightgbmprep_r17_bag_l1,autogluon_atomic,LightGBMPrep,LightGBMPrep_r17_BAG_L1,v3_targeted_missingness,exploratory,autogluon_v3_targeted_missingness_extreme,artifacts/autogluon/autogluon_v3_targeted_missingness_extreme,,legacy AutoGluon 8-fold bagged OOF (unsealed predictor tree),0,1 x 8 bag folds,,,,,available,10000,missing,,,,test probabilities missing,historical_unsealed,legacy_internal_oof_unsealed,,unknown,OOF exists only as internal legacy pickle; test probabilities and/or identity evidence missing,diagnostic_only,C,G3_identity_unproven,4c63434fbd3b91fb5089b40a6bffeb76c1de8d27c2b0d5954c1176c10d6d9e15,,No trained model was loaded; internal oof.pkl inspected as a prediction artifact only.
autogluon_legacy__autogluon_v3_targeted_missingness_extreme__lightgbmprep_r21_bag_l1,autogluon_atomic,LightGBMPrep,LightGBMPrep_r21_BAG_L1,v3_targeted_missingness,exploratory,autogluon_v3_targeted_missingness_extreme,artifacts/autogluon/autogluon_v3_targeted_missingness_extreme,,legacy AutoGluon 8-fold bagged OOF (unsealed predictor tree),0,1 x 8 bag folds,,,,,available,10000,missing,,,,test probabilities missing,historical_unsealed,legacy_internal_oof_unsealed,,ineligible,exact probability duplicate; retain only canonical representative,exclude,excluded,G3_identity_unproven,c5c91bb7a91067669980f9f986c52a31f363df3d440bde428282635d6fa5098b,,No trained model was loaded; internal oof.pkl inspected as a prediction artifact only. Exact OOF duplicate of autogluon_legacy__autogluon_v3_extreme_8h_20260726__lightgbmprep_r21_bag_l1.
autogluon_legacy__autogluon_v3_targeted_missingness_extreme__lightgbmprep_r31_bag_l1,autogluon_atomic,LightGBMPrep,LightGBMPrep_r31_BAG_L1,v3_targeted_missingness,exploratory,autogluon_v3_targeted_missingness_extreme,artifacts/autogluon/autogluon_v3_targeted_missingness_extreme,,legacy AutoGluon 8-fold bagged OOF (unsealed predictor tree),0,1 x 8 bag folds,,,,,available,10000,missing,,,,test probabilities missing,historical_unsealed,legacy_internal_oof_unsealed,,ineligible,exact probability duplicate; retain only canonical representative,exclude,excluded,G3_identity_unproven,cc0d2a6c231982bb1f7400b289b1a6846b3d47237f960f6595227246cec5a1cd,,No trained model was loaded; internal oof.pkl inspected as a prediction artifact only. Exact OOF duplicate of autogluon_legacy__autogluon_v3_extreme_8h_20260726__lightgbmprep_r31_bag_l1|autogluon_legacy__autogluon_v3_extreme_8h_20260726__weightedensemble_l2|autogluon_legacy__autogluon_v3_targeted_missingness_extreme__weightedensemble_l2.
autogluon_legacy__autogluon_v3_targeted_missingness_extreme__lightgbmprep_r41_bag_l1,autogluon_atomic,LightGBMPrep,LightGBMPrep_r41_BAG_L1,v3_targeted_missingness,exploratory,autogluon_v3_targeted_missingness_extreme,artifacts/autogluon/autogluon_v3_targeted_missingness_extreme,,legacy AutoGluon 8-fold bagged OOF (unsealed predictor tree),0,1 x 8 bag folds,,,,,available,10000,missing,,,,test probabilities missing,historical_unsealed,legacy_internal_oof_unsealed,,ineligible,exact probability duplicate; retain only canonical representative,exclude,excluded,G3_identity_unproven,0962eb9b9c2864c9db31c541ab254bfbf6fe3553d300643429158d0b56def0d1,,No trained model was loaded; internal oof.pkl inspected as a prediction artifact only. Exact OOF duplicate of autogluon_legacy__autogluon_v3_extreme_8h_20260726__lightgbmprep_r41_bag_l1.
autogluon_legacy__autogluon_v3_targeted_missingness_extreme__realtabpfn_v2_r106_bag_l1,autogluon_atomic,RealTabPFN-v2,RealTabPFN-v2_r106_BAG_L1,v3_targeted_missingness,exploratory,autogluon_v3_targeted_missingness_extreme,artifacts/autogluon/autogluon_v3_targeted_missingness_extreme,,legacy AutoGluon 8-fold bagged OOF (unsealed predictor tree),0,1 x 8 bag folds,,,,,available,10000,missing,,,,test probabilities missing,historical_unsealed,legacy_internal_oof_unsealed,,ineligible,exact probability duplicate; retain only canonical representative,exclude,excluded,G3_identity_unproven,96324bf61515dee5f1706f2d087815a0f2f78e541346b482838e20ad728eb766,,No trained model was loaded; internal oof.pkl inspected as a prediction artifact only. Exact OOF duplicate of autogluon_legacy__autogluon_v3_extreme_seqmem_8h_20260726__realtabpfn_v2_r106_bag_l1.
autogluon_legacy__autogluon_v3_targeted_missingness_extreme__realtabpfn_v2_r13_bag_l1,autogluon_atomic,RealTabPFN-v2,RealTabPFN-v2_r13_BAG_L1,v3_targeted_missingness,exploratory,autogluon_v3_targeted_missingness_extreme,artifacts/autogluon/autogluon_v3_targeted_missingness_extreme,,legacy AutoGluon 8-fold bagged OOF (unsealed predictor tree),0,1 x 8 bag folds,,,,,available,10000,missing,,,,test probabilities missing,historical_unsealed,legacy_internal_oof_unsealed,,ineligible,exact probability duplicate; retain only canonical representative,exclude,excluded,G3_identity_unproven,bc56ab42be48c27255d6f39f400b49a68fa0370a6c7d90d330c9adbfcd8ba1ad,,No trained model was loaded; internal oof.pkl inspected as a prediction artifact only. Exact OOF duplicate of autogluon_legacy__autogluon_v3_extreme_seqmem_8h_20260726__realtabpfn_v2_r13_bag_l1.
autogluon_legacy__autogluon_v3_targeted_missingness_extreme__weightedensemble_l2,autogluon_ensemble,weighted_ensemble,WeightedEnsemble_L2,v3_targeted_missingness,exploratory,autogluon_v3_targeted_missingness_extreme,artifacts/autogluon/autogluon_v3_targeted_missingness_extreme,,legacy AutoGluon 8-fold bagged OOF (unsealed predictor tree),0,1 x 8 bag folds,,,,,available,10000,available,2500,,,"2,500 probabilities exist, but no explicit row identity/order field",historical_unsealed,legacy_internal_oof_unsealed,same-run level-1 components; exact weights unavailable,ineligible,exact probability duplicate; retain only canonical representative,exclude,excluded,G3_identity_unproven,cc0d2a6c231982bb1f7400b289b1a6846b3d47237f960f6595227246cec5a1cd,31f8ea2ebca1f29e8e7c619bb33a13a2a13e6910267da3b52a547bfd364ea130,No trained model was loaded; internal oof.pkl inspected as a prediction artifact only. Exact OOF duplicate of autogluon_legacy__autogluon_v3_extreme_8h_20260726__lightgbmprep_r31_bag_l1|autogluon_legacy__autogluon_v3_extreme_8h_20260726__weightedensemble_l2|autogluon_legacy__autogluon_v3_targeted_missingness_extreme__lightgbmprep_r31_bag_l1.
autogluon_legacy__v0_best_v150__catboost_c1_bag_l1,autogluon_atomic,CatBoost,CatBoost_c1_BAG_L1,v0_raw_minimal,none,v0_best_v150,artifacts/autogluon/v0_best_v150,,legacy AutoGluon 8-fold bagged OOF (unsealed predictor tree),0,1 x 8 bag folds,,,,,available,10000,missing,,,,test probabilities missing,historical_unsealed,legacy_internal_oof_unsealed,,unknown,OOF exists only as internal legacy pickle; test probabilities and/or identity evidence missing,diagnostic_only,C,G3_identity_unproven,ab542a908a33db9dbbc3549cae2cab4fde660c793a0bdb60dbaf5ab4b8aa65f7,,No trained model was loaded; internal oof.pkl inspected as a prediction artifact only.
autogluon_legacy__v0_best_v150__lightgbm_r104_bag_l1,autogluon_atomic,LightGBM,LightGBM_r104_BAG_L1,v0_raw_minimal,none,v0_best_v150,artifacts/autogluon/v0_best_v150,,legacy AutoGluon 8-fold bagged OOF (unsealed predictor tree),0,1 x 8 bag folds,,,,,available,10000,missing,,,,test probabilities missing,historical_unsealed,legacy_internal_oof_unsealed,,unknown,OOF exists only as internal legacy pickle; test probabilities and/or identity evidence missing,diagnostic_only,C,G3_identity_unproven,7b172301c2e014eb218d26de2ef98950780bb430fa552b3551f89a3a066ea7a6,,No trained model was loaded; internal oof.pkl inspected as a prediction artifact only.
autogluon_legacy__v0_best_v150__lightgbm_r163_bag_l1,autogluon_atomic,LightGBM,LightGBM_r163_BAG_L1,v0_raw_minimal,none,v0_best_v150,artifacts/autogluon/v0_best_v150,,legacy AutoGluon 8-fold bagged OOF (unsealed predictor tree),0,1 x 8 bag folds,,,,,available,10000,missing,,,,test probabilities missing,historical_unsealed,legacy_internal_oof_unsealed,,unknown,OOF exists only as internal legacy pickle; test probabilities and/or identity evidence missing,diagnostic_only,C,G3_identity_unproven,a4532a10d24d03d95c5d63a2eac7eb44a814022fddead2b6fb8e790d65c791ed,,No trained model was loaded; internal oof.pkl inspected as a prediction artifact only.
autogluon_legacy__v0_best_v150__lightgbm_r177_bag_l1,autogluon_atomic,LightGBM,LightGBM_r177_BAG_L1,v0_raw_minimal,none,v0_best_v150,artifacts/autogluon/v0_best_v150,,legacy AutoGluon 8-fold bagged OOF (unsealed predictor tree),0,1 x 8 bag folds,,,,,available,10000,missing,,,,test probabilities missing,historical_unsealed,legacy_internal_oof_unsealed,,unknown,OOF exists only as internal legacy pickle; test probabilities and/or identity evidence missing,diagnostic_only,C,G3_identity_unproven,7bf844faf05e101b1d5f4f55d78a953391cc6e9b718c5db256cc0e1b7bd05ca0,,No trained model was loaded; internal oof.pkl inspected as a prediction artifact only.
autogluon_legacy__v0_best_v150__lightgbm_r184_bag_l1,autogluon_atomic,LightGBM,LightGBM_r184_BAG_L1,v0_raw_minimal,none,v0_best_v150,artifacts/autogluon/v0_best_v150,,legacy AutoGluon 8-fold bagged OOF (unsealed predictor tree),0,1 x 8 bag folds,,,,,available,10000,missing,,,,test probabilities missing,historical_unsealed,legacy_internal_oof_unsealed,,unknown,OOF exists only as internal legacy pickle; test probabilities and/or identity evidence missing,diagnostic_only,C,G3_identity_unproven,4282b9af558217ae20145dedf807f3a62af3a5e748741f1efd46159a548eaa8f,,No trained model was loaded; internal oof.pkl inspected as a prediction artifact only.
autogluon_legacy__v0_best_v150__lightgbm_r18_bag_l1,autogluon_atomic,LightGBM,LightGBM_r18_BAG_L1,v0_raw_minimal,none,v0_best_v150,artifacts/autogluon/v0_best_v150,,legacy AutoGluon 8-fold bagged OOF (unsealed predictor tree),0,1 x 8 bag folds,,,,,available,10000,missing,,,,test probabilities missing,historical_unsealed,legacy_internal_oof_unsealed,,unknown,OOF exists only as internal legacy pickle; test probabilities and/or identity evidence missing,diagnostic_only,C,G3_identity_unproven,20c40e857270955caaf6849064568711c32efed2b121df667a67f8fbfce162be,,No trained model was loaded; internal oof.pkl inspected as a prediction artifact only.
autogluon_legacy__v0_best_v150__lightgbm_r39_bag_l1,autogluon_atomic,LightGBM,LightGBM_r39_BAG_L1,v0_raw_minimal,none,v0_best_v150,artifacts/autogluon/v0_best_v150,,legacy AutoGluon 8-fold bagged OOF (unsealed predictor tree),0,1 x 8 bag folds,,,,,available,10000,missing,,,,test probabilities missing,historical_unsealed,legacy_internal_oof_unsealed,,unknown,OOF exists only as internal legacy pickle; test probabilities and/or identity evidence missing,diagnostic_only,C,G3_identity_unproven,8370714aa5893429b38ff9e87fe2d1fabe5649f817cff968140c648c251769ea,,No trained model was loaded; internal oof.pkl inspected as a prediction artifact only.
autogluon_legacy__v0_best_v150__lightgbm_r46_bag_l1,autogluon_atomic,LightGBM,LightGBM_r46_BAG_L1,v0_raw_minimal,none,v0_best_v150,artifacts/autogluon/v0_best_v150,,legacy AutoGluon 8-fold bagged OOF (unsealed predictor tree),0,1 x 8 bag folds,,,,,available,10000,missing,,,,test probabilities missing,historical_unsealed,legacy_internal_oof_unsealed,,unknown,OOF exists only as internal legacy pickle; test probabilities and/or identity evidence missing,diagnostic_only,C,G3_identity_unproven,61f9ddd274b5ce5286c992e4b93c0deafc62b3af127423f196710ae6b429938f,,No trained model was loaded; internal oof.pkl inspected as a prediction artifact only.
autogluon_legacy__v0_best_v150__lightgbm_r50_bag_l1,autogluon_atomic,LightGBM,LightGBM_r50_BAG_L1,v0_raw_minimal,none,v0_best_v150,artifacts/autogluon/v0_best_v150,,legacy AutoGluon 8-fold bagged OOF (unsealed predictor tree),0,1 x 8 bag folds,,,,,available,10000,missing,,,,test probabilities missing,historical_unsealed,legacy_internal_oof_unsealed,,unknown,OOF exists only as internal legacy pickle; test probabilities and/or identity evidence missing,diagnostic_only,C,G3_identity_unproven,44108450d9e1bf8735c3e2ca97b5e7ea8bbd4cd68b5d53dc20480aee12741fb6,,No trained model was loaded; internal oof.pkl inspected as a prediction artifact only.
autogluon_legacy__v0_best_v150__lightgbm_r63_bag_l1,autogluon_atomic,LightGBM,LightGBM_r63_BAG_L1,v0_raw_minimal,none,v0_best_v150,artifacts/autogluon/v0_best_v150,,legacy AutoGluon 8-fold bagged OOF (unsealed predictor tree),0,1 x 8 bag folds,,,,,available,10000,missing,,,,test probabilities missing,historical_unsealed,legacy_internal_oof_unsealed,,unknown,OOF exists only as internal legacy pickle; test probabilities and/or identity evidence missing,diagnostic_only,C,G3_identity_unproven,27184a782555d260197e5f7a1fee525e8630051602bf7532af2d2076e4059da3,,No trained model was loaded; internal oof.pkl inspected as a prediction artifact only.
autogluon_legacy__v0_best_v150__lightgbm_r68_bag_l1,autogluon_atomic,LightGBM,LightGBM_r68_BAG_L1,v0_raw_minimal,none,v0_best_v150,artifacts/autogluon/v0_best_v150,,legacy AutoGluon 8-fold bagged OOF (unsealed predictor tree),0,1 x 8 bag folds,,,,,available,10000,missing,,,,test probabilities missing,historical_unsealed,legacy_internal_oof_unsealed,,unknown,OOF exists only as internal legacy pickle; test probabilities and/or identity evidence missing,diagnostic_only,C,G3_identity_unproven,8b2fe0545dd0e6131ff0dbd6b515bcc8c0dd23cda783d96aacc558a3035eac4a,,No trained model was loaded; internal oof.pkl inspected as a prediction artifact only.
autogluon_legacy__v0_best_v150__lightgbm_r6_bag_l1,autogluon_atomic,LightGBM,LightGBM_r6_BAG_L1,v0_raw_minimal,none,v0_best_v150,artifacts/autogluon/v0_best_v150,,legacy AutoGluon 8-fold bagged OOF (unsealed predictor tree),0,1 x 8 bag folds,,,,,available,10000,missing,,,,test probabilities missing,historical_unsealed,legacy_internal_oof_unsealed,,unknown,OOF exists only as internal legacy pickle; test probabilities and/or identity evidence missing,diagnostic_only,C,G3_identity_unproven,908c00e446eb4f249ae260795a2d988340ab06e5a253863b5dd2323db7d59328,,No trained model was loaded; internal oof.pkl inspected as a prediction artifact only.
autogluon_legacy__v0_best_v150__lightgbm_r72_bag_l1,autogluon_atomic,LightGBM,LightGBM_r72_BAG_L1,v0_raw_minimal,none,v0_best_v150,artifacts/autogluon/v0_best_v150,,legacy AutoGluon 8-fold bagged OOF (unsealed predictor tree),0,1 x 8 bag folds,,,,,available,10000,missing,,,,test probabilities missing,historical_unsealed,legacy_internal_oof_unsealed,,unknown,OOF exists only as internal legacy pickle; test probabilities and/or identity evidence missing,diagnostic_only,C,G3_identity_unproven,37597ca826e67631f43fcd85586a83b73a05468e391217e2df2eda1fec559eff,,No trained model was loaded; internal oof.pkl inspected as a prediction artifact only.
autogluon_legacy__v0_best_v150__lightgbmprep_r13_bag_l1,autogluon_atomic,LightGBMPrep,LightGBMPrep_r13_BAG_L1,v0_raw_minimal,none,v0_best_v150,artifacts/autogluon/v0_best_v150,,legacy AutoGluon 8-fold bagged OOF (unsealed predictor tree),0,1 x 8 bag folds,,,,,available,10000,missing,,,,test probabilities missing,historical_unsealed,legacy_internal_oof_unsealed,,unknown,OOF exists only as internal legacy pickle; test probabilities and/or identity evidence missing,diagnostic_only,C,G3_identity_unproven,53a10d8b8f1d05ecac00877c61b111e0303d274f78183dd360663b041d0d8135,,No trained model was loaded; internal oof.pkl inspected as a prediction artifact only.
autogluon_legacy__v0_best_v150__lightgbmprep_r14_bag_l1,autogluon_atomic,LightGBMPrep,LightGBMPrep_r14_BAG_L1,v0_raw_minimal,none,v0_best_v150,artifacts/autogluon/v0_best_v150,,legacy AutoGluon 8-fold bagged OOF (unsealed predictor tree),0,1 x 8 bag folds,,,,,available,10000,missing,,,,test probabilities missing,historical_unsealed,legacy_internal_oof_unsealed,,unknown,OOF exists only as internal legacy pickle; test probabilities and/or identity evidence missing,diagnostic_only,C,G3_identity_unproven,1d8914fca4993c6e66beb76ea065117e298f5ddd927dff1fc6cb94a50c51429b,,No trained model was loaded; internal oof.pkl inspected as a prediction artifact only.
autogluon_legacy__v0_best_v150__lightgbmprep_r17_bag_l1,autogluon_atomic,LightGBMPrep,LightGBMPrep_r17_BAG_L1,v0_raw_minimal,none,v0_best_v150,artifacts/autogluon/v0_best_v150,,legacy AutoGluon 8-fold bagged OOF (unsealed predictor tree),0,1 x 8 bag folds,,,,,available,10000,missing,,,,test probabilities missing,historical_unsealed,legacy_internal_oof_unsealed,,unknown,OOF exists only as internal legacy pickle; test probabilities and/or identity evidence missing,diagnostic_only,C,G3_identity_unproven,60088ad1bde2f560ea4bd188e022880dae5595e58e1ddc0d84490eb52c1407a1,,No trained model was loaded; internal oof.pkl inspected as a prediction artifact only.
autogluon_legacy__v0_best_v150__lightgbmprep_r19_bag_l1,autogluon_atomic,LightGBMPrep,LightGBMPrep_r19_BAG_L1,v0_raw_minimal,none,v0_best_v150,artifacts/autogluon/v0_best_v150,,legacy AutoGluon 8-fold bagged OOF (unsealed predictor tree),0,1 x 8 bag folds,,,,,available,10000,missing,,,,test probabilities missing,historical_unsealed,legacy_internal_oof_unsealed,,unknown,OOF exists only as internal legacy pickle; test probabilities and/or identity evidence missing,diagnostic_only,C,G3_identity_unproven,e1dc2f20a6742fb126c6ee524bb26245061ec46b202dad23a8dd370a7447dbc9,,No trained model was loaded; internal oof.pkl inspected as a prediction artifact only.
autogluon_legacy__v0_best_v150__lightgbmprep_r1_bag_l1,autogluon_atomic,LightGBMPrep,LightGBMPrep_r1_BAG_L1,v0_raw_minimal,none,v0_best_v150,artifacts/autogluon/v0_best_v150,,legacy AutoGluon 8-fold bagged OOF (unsealed predictor tree),0,1 x 8 bag folds,,,,,available,10000,missing,,,,test probabilities missing,historical_unsealed,legacy_internal_oof_unsealed,,unknown,OOF exists only as internal legacy pickle; test probabilities and/or identity evidence missing,diagnostic_only,C,G3_identity_unproven,3481732155740136c9deca5c5e100154fbec73de577eece87d02337b5c5c9c5d,,No trained model was loaded; internal oof.pkl inspected as a prediction artifact only.
autogluon_legacy__v0_best_v150__lightgbmprep_r21_bag_l1,autogluon_atomic,LightGBMPrep,LightGBMPrep_r21_BAG_L1,v0_raw_minimal,none,v0_best_v150,artifacts/autogluon/v0_best_v150,,legacy AutoGluon 8-fold bagged OOF (unsealed predictor tree),0,1 x 8 bag folds,,,,,available,10000,missing,,,,test probabilities missing,historical_unsealed,legacy_internal_oof_unsealed,,unknown,OOF exists only as internal legacy pickle; test probabilities and/or identity evidence missing,diagnostic_only,C,G3_identity_unproven,2ccb4f3e3456e68b2aedfba10d52cac9f4fb0d9f1f304103beb8862f8a64f942,,No trained model was loaded; internal oof.pkl inspected as a prediction artifact only.
autogluon_legacy__v0_best_v150__lightgbmprep_r27_bag_l1,autogluon_atomic,LightGBMPrep,LightGBMPrep_r27_BAG_L1,v0_raw_minimal,none,v0_best_v150,artifacts/autogluon/v0_best_v150,,legacy AutoGluon 8-fold bagged OOF (unsealed predictor tree),0,1 x 8 bag folds,,,,,available,10000,missing,,,,test probabilities missing,historical_unsealed,legacy_internal_oof_unsealed,,unknown,OOF exists only as internal legacy pickle; test probabilities and/or identity evidence missing,diagnostic_only,C,G3_identity_unproven,313a7aa02e8d13833ad568d36173d26e2d0a3e6954753a8bba7841230b8a1219,,No trained model was loaded; internal oof.pkl inspected as a prediction artifact only.
autogluon_legacy__v0_best_v150__lightgbmprep_r31_bag_l1,autogluon_atomic,LightGBMPrep,LightGBMPrep_r31_BAG_L1,v0_raw_minimal,none,v0_best_v150,artifacts/autogluon/v0_best_v150,,legacy AutoGluon 8-fold bagged OOF (unsealed predictor tree),0,1 x 8 bag folds,,,,,available,10000,missing,,,,test probabilities missing,historical_unsealed,legacy_internal_oof_unsealed,,unknown,OOF exists only as internal legacy pickle; test probabilities and/or identity evidence missing,diagnostic_only,C,G3_identity_unproven,d13267ff06ecd058495529260f2fda1770d8fdeb7ca114202074e5cf79ce8713,,No trained model was loaded; internal oof.pkl inspected as a prediction artifact only.
autogluon_legacy__v0_best_v150__lightgbmprep_r37_bag_l1,autogluon_atomic,LightGBMPrep,LightGBMPrep_r37_BAG_L1,v0_raw_minimal,none,v0_best_v150,artifacts/autogluon/v0_best_v150,,legacy AutoGluon 8-fold bagged OOF (unsealed predictor tree),0,1 x 8 bag folds,,,,,available,10000,missing,,,,test probabilities missing,historical_unsealed,legacy_internal_oof_unsealed,,unknown,OOF exists only as internal legacy pickle; test probabilities and/or identity evidence missing,diagnostic_only,C,G3_identity_unproven,8a9d4aaad2ed109d6db5aa96be600c3809f87453bf755e02ea831c953f461dbd,,No trained model was loaded; internal oof.pkl inspected as a prediction artifact only.
autogluon_legacy__v0_best_v150__lightgbmprep_r41_bag_l1,autogluon_atomic,LightGBMPrep,LightGBMPrep_r41_BAG_L1,v0_raw_minimal,none,v0_best_v150,artifacts/autogluon/v0_best_v150,,legacy AutoGluon 8-fold bagged OOF (unsealed predictor tree),0,1 x 8 bag folds,,,,,available,10000,missing,,,,test probabilities missing,historical_unsealed,legacy_internal_oof_unsealed,,unknown,OOF exists only as internal legacy pickle; test probabilities and/or identity evidence missing,diagnostic_only,C,G3_identity_unproven,507c41e4ebd109c45fb3898ea5ea1ee73f05507ac82f6d86e46647854351d39b,,No trained model was loaded; internal oof.pkl inspected as a prediction artifact only.
autogluon_legacy__v0_best_v150__lightgbmprep_r47_bag_l1,autogluon_atomic,LightGBMPrep,LightGBMPrep_r47_BAG_L1,v0_raw_minimal,none,v0_best_v150,artifacts/autogluon/v0_best_v150,,legacy AutoGluon 8-fold bagged OOF (unsealed predictor tree),0,1 x 8 bag folds,,,,,available,10000,missing,,,,test probabilities missing,historical_unsealed,legacy_internal_oof_unsealed,,unknown,OOF exists only as internal legacy pickle; test probabilities and/or identity evidence missing,diagnostic_only,C,G3_identity_unproven,729a0cad7b0edc4ae643ae7bd1857f7625d8822bc18039be9aa952d52fa5ab05,,No trained model was loaded; internal oof.pkl inspected as a prediction artifact only.
autogluon_legacy__v0_best_v150__neuralnettorch_r135_bag_l1,autogluon_atomic,NeuralNetTorch,NeuralNetTorch_r135_BAG_L1,v0_raw_minimal,none,v0_best_v150,artifacts/autogluon/v0_best_v150,,legacy AutoGluon 8-fold bagged OOF (unsealed predictor tree),0,1 x 8 bag folds,,,,,available,10000,missing,,,,test probabilities missing,historical_unsealed,legacy_internal_oof_unsealed,,unknown,OOF exists only as internal legacy pickle; test probabilities and/or identity evidence missing,diagnostic_only,C,G3_identity_unproven,6361326edc93a485ee1df678163c95c33159344b728e874ad34b8a5abfb26d97,,No trained model was loaded; internal oof.pkl inspected as a prediction artifact only.
autogluon_legacy__v0_best_v150__neuralnettorch_r144_bag_l1,autogluon_atomic,NeuralNetTorch,NeuralNetTorch_r144_BAG_L1,v0_raw_minimal,none,v0_best_v150,artifacts/autogluon/v0_best_v150,,legacy AutoGluon 8-fold bagged OOF (unsealed predictor tree),0,1 x 8 bag folds,,,,,available,10000,missing,,,,test probabilities missing,historical_unsealed,legacy_internal_oof_unsealed,,unknown,OOF exists only as internal legacy pickle; test probabilities and/or identity evidence missing,diagnostic_only,C,G3_identity_unproven,300b105e04220b3b750f9af35526d7d3d6154341925eae4e9cc4b40065aaff1f,,No trained model was loaded; internal oof.pkl inspected as a prediction artifact only.
autogluon_legacy__v0_best_v150__neuralnettorch_r159_bag_l1,autogluon_atomic,NeuralNetTorch,NeuralNetTorch_r159_BAG_L1,v0_raw_minimal,none,v0_best_v150,artifacts/autogluon/v0_best_v150,,legacy AutoGluon 8-fold bagged OOF (unsealed predictor tree),0,1 x 8 bag folds,,,,,available,10000,missing,,,,test probabilities missing,historical_unsealed,legacy_internal_oof_unsealed,,unknown,OOF exists only as internal legacy pickle; test probabilities and/or identity evidence missing,diagnostic_only,C,G3_identity_unproven,ea2630d46cd5e43313073923789ba528d18c3ccea9f21e6181587bde240dce2a,,No trained model was loaded; internal oof.pkl inspected as a prediction artifact only.
autogluon_legacy__v0_best_v150__neuralnettorch_r193_bag_l1,autogluon_atomic,NeuralNetTorch,NeuralNetTorch_r193_BAG_L1,v0_raw_minimal,none,v0_best_v150,artifacts/autogluon/v0_best_v150,,legacy AutoGluon 8-fold bagged OOF (unsealed predictor tree),0,1 x 8 bag folds,,,,,available,10000,missing,,,,test probabilities missing,historical_unsealed,legacy_internal_oof_unsealed,,unknown,OOF exists only as internal legacy pickle; test probabilities and/or identity evidence missing,diagnostic_only,C,G3_identity_unproven,53428f30fcbea1da37a417c2666afc45951355f08323a45fbc8dce8d43bad5c5,,No trained model was loaded; internal oof.pkl inspected as a prediction artifact only.
autogluon_legacy__v0_best_v150__neuralnettorch_r1_bag_l1,autogluon_atomic,NeuralNetTorch,NeuralNetTorch_r1_BAG_L1,v0_raw_minimal,none,v0_best_v150,artifacts/autogluon/v0_best_v150,,legacy AutoGluon 8-fold bagged OOF (unsealed predictor tree),0,1 x 8 bag folds,,,,,available,10000,missing,,,,test probabilities missing,historical_unsealed,legacy_internal_oof_unsealed,,unknown,OOF exists only as internal legacy pickle; test probabilities and/or identity evidence missing,diagnostic_only,C,G3_identity_unproven,35d8072d4bace87bc01ebe8d478573692fc9068448ee1de2afb672a560b82422,,No trained model was loaded; internal oof.pkl inspected as a prediction artifact only.
autogluon_legacy__v0_best_v150__neuralnettorch_r24_bag_l1,autogluon_atomic,NeuralNetTorch,NeuralNetTorch_r24_BAG_L1,v0_raw_minimal,none,v0_best_v150,artifacts/autogluon/v0_best_v150,,legacy AutoGluon 8-fold bagged OOF (unsealed predictor tree),0,1 x 8 bag folds,,,,,available,10000,missing,,,,test probabilities missing,historical_unsealed,legacy_internal_oof_unsealed,,unknown,OOF exists only as internal legacy pickle; test probabilities and/or identity evidence missing,diagnostic_only,C,G3_identity_unproven,b47f13892b61421ed5a7d3d3107fcd03342e3fc687a6845257a61458664b3774,,No trained model was loaded; internal oof.pkl inspected as a prediction artifact only.
autogluon_legacy__v0_best_v150__neuralnettorch_r31_bag_l1,autogluon_atomic,NeuralNetTorch,NeuralNetTorch_r31_BAG_L1,v0_raw_minimal,none,v0_best_v150,artifacts/autogluon/v0_best_v150,,legacy AutoGluon 8-fold bagged OOF (unsealed predictor tree),0,1 x 8 bag folds,,,,,available,10000,missing,,,,test probabilities missing,historical_unsealed,legacy_internal_oof_unsealed,,unknown,OOF exists only as internal legacy pickle; test probabilities and/or identity evidence missing,diagnostic_only,C,G3_identity_unproven,8e4ea47f0a3156066f0e12f23c5059a46a56710cb1e13c761e1079c1f92ef4e6,,No trained model was loaded; internal oof.pkl inspected as a prediction artifact only.
autogluon_legacy__v0_best_v150__neuralnettorch_r37_bag_l1,autogluon_atomic,NeuralNetTorch,NeuralNetTorch_r37_BAG_L1,v0_raw_minimal,none,v0_best_v150,artifacts/autogluon/v0_best_v150,,legacy AutoGluon 8-fold bagged OOF (unsealed predictor tree),0,1 x 8 bag folds,,,,,available,10000,missing,,,,test probabilities missing,historical_unsealed,legacy_internal_oof_unsealed,,unknown,OOF exists only as internal legacy pickle; test probabilities and/or identity evidence missing,diagnostic_only,C,G3_identity_unproven,ad92f34dadacef5229f05986619d62307f71096945e6dccaed2737a4b0dd3e1e,,No trained model was loaded; internal oof.pkl inspected as a prediction artifact only.
autogluon_legacy__v0_best_v150__neuralnettorch_r39_bag_l1,autogluon_atomic,NeuralNetTorch,NeuralNetTorch_r39_BAG_L1,v0_raw_minimal,none,v0_best_v150,artifacts/autogluon/v0_best_v150,,legacy AutoGluon 8-fold bagged OOF (unsealed predictor tree),0,1 x 8 bag folds,,,,,available,10000,missing,,,,test probabilities missing,historical_unsealed,legacy_internal_oof_unsealed,,unknown,OOF exists only as internal legacy pickle; test probabilities and/or identity evidence missing,diagnostic_only,C,G3_identity_unproven,cd2f44b85c0880def4b51438297588cf1a35101bf4ecd159aa729caad55c1f66,,No trained model was loaded; internal oof.pkl inspected as a prediction artifact only.
autogluon_legacy__v0_best_v150__neuralnettorch_r48_bag_l1,autogluon_atomic,NeuralNetTorch,NeuralNetTorch_r48_BAG_L1,v0_raw_minimal,none,v0_best_v150,artifacts/autogluon/v0_best_v150,,legacy AutoGluon 8-fold bagged OOF (unsealed predictor tree),0,1 x 8 bag folds,,,,,available,10000,missing,,,,test probabilities missing,historical_unsealed,legacy_internal_oof_unsealed,,unknown,OOF exists only as internal legacy pickle; test probabilities and/or identity evidence missing,diagnostic_only,C,G3_identity_unproven,7f02934639395148bab1206d504da7448d9df8e259132e7c47f318f5669343f0,,No trained model was loaded; internal oof.pkl inspected as a prediction artifact only.
autogluon_legacy__v0_best_v150__neuralnettorch_r82_bag_l1,autogluon_atomic,NeuralNetTorch,NeuralNetTorch_r82_BAG_L1,v0_raw_minimal,none,v0_best_v150,artifacts/autogluon/v0_best_v150,,legacy AutoGluon 8-fold bagged OOF (unsealed predictor tree),0,1 x 8 bag folds,,,,,available,10000,missing,,,,test probabilities missing,historical_unsealed,legacy_internal_oof_unsealed,,unknown,OOF exists only as internal legacy pickle; test probabilities and/or identity evidence missing,diagnostic_only,C,G3_identity_unproven,58e7935fb5b470ecc9ef2e26e8a0bc224ba31585392aa07b027a2ec0f336cabe,,No trained model was loaded; internal oof.pkl inspected as a prediction artifact only.
autogluon_legacy__v0_best_v150__weightedensemble_l2,autogluon_ensemble,weighted_ensemble,WeightedEnsemble_L2,v0_raw_minimal,none,v0_best_v150,artifacts/autogluon/v0_best_v150,,legacy AutoGluon 8-fold bagged OOF (unsealed predictor tree),0,1 x 8 bag folds,,,,,available,10000,available,2500,,,"2,500 probabilities exist, but no explicit row identity/order field",historical_unsealed,legacy_internal_oof_unsealed,same-run level-1 components; exact weights unavailable,unknown,test probabilities exist but row identity/order and sealed run provenance are unproven,diagnostic_only,C,G3_identity_unproven,4b955db676ebb8388dc40a09a0c4a24e97f1cf379e75b33c67c5e92e5e75e354,39450e69dc7928c1bf68bccc72b1a4a764d1ee90c092b348d69b70045b0968f3,No trained model was loaded; internal oof.pkl inspected as a prediction artifact only.
autogluon_legacy__v0_gpu_targeted_75m__catboost_bag_l1,autogluon_atomic,CatBoost,CatBoost_BAG_L1,v0_raw_minimal,none,v0_gpu_targeted_75m,artifacts/autogluon/v0_gpu_targeted_75m,,legacy AutoGluon 8-fold bagged OOF (unsealed predictor tree),0,1 x 8 bag folds,,,,,available,10000,missing,,,,test probabilities missing,historical_unsealed,legacy_internal_oof_unsealed,,unknown,OOF exists only as internal legacy pickle; test probabilities and/or identity evidence missing,diagnostic_only,C,G3_identity_unproven,f96b76428a09d51f0adad57997cfc268378120c13423ebeb5cfc98b893960f40,,No trained model was loaded; internal oof.pkl inspected as a prediction artifact only.
autogluon_legacy__v0_gpu_targeted_75m__lightgbm_bag_l1,autogluon_atomic,LightGBM,LightGBM_BAG_L1,v0_raw_minimal,none,v0_gpu_targeted_75m,artifacts/autogluon/v0_gpu_targeted_75m,,legacy AutoGluon 8-fold bagged OOF (unsealed predictor tree),0,1 x 8 bag folds,,,,,available,10000,missing,,,,test probabilities missing,historical_unsealed,legacy_internal_oof_unsealed,,unknown,OOF exists only as internal legacy pickle; test probabilities and/or identity evidence missing,diagnostic_only,C,G3_identity_unproven,9945d07895f75177f0a6378661accfd3ade60113866fe489b3651ffdfe76903a,,No trained model was loaded; internal oof.pkl inspected as a prediction artifact only.
autogluon_legacy__v0_gpu_targeted_75m__neuralnetfastai_bag_l1,autogluon_atomic,NeuralNetFastAI,NeuralNetFastAI_BAG_L1,v0_raw_minimal,none,v0_gpu_targeted_75m,artifacts/autogluon/v0_gpu_targeted_75m,,legacy AutoGluon 8-fold bagged OOF (unsealed predictor tree),0,1 x 8 bag folds,,,,,available,10000,missing,,,,test probabilities missing,historical_unsealed,legacy_internal_oof_unsealed,,unknown,OOF exists only as internal legacy pickle; test probabilities and/or identity evidence missing,diagnostic_only,C,G3_identity_unproven,9a6eea839fca88311052713c5a3b595a6de03ffd6bd10fed57417dc94680725f,,No trained model was loaded; internal oof.pkl inspected as a prediction artifact only.
autogluon_legacy__v0_gpu_targeted_75m__neuralnettorch_bag_l1,autogluon_atomic,NeuralNetTorch,NeuralNetTorch_BAG_L1,v0_raw_minimal,none,v0_gpu_targeted_75m,artifacts/autogluon/v0_gpu_targeted_75m,,legacy AutoGluon 8-fold bagged OOF (unsealed predictor tree),0,1 x 8 bag folds,,,,,available,10000,missing,,,,test probabilities missing,historical_unsealed,legacy_internal_oof_unsealed,,unknown,OOF exists only as internal legacy pickle; test probabilities and/or identity evidence missing,diagnostic_only,C,G3_identity_unproven,a9eea392d1e40bc149ec7af7631b9a4fe5151d6a481c616c772ad50061451822,,No trained model was loaded; internal oof.pkl inspected as a prediction artifact only.
autogluon_legacy__v0_gpu_targeted_75m__weightedensemble_l2,autogluon_ensemble,weighted_ensemble,WeightedEnsemble_L2,v0_raw_minimal,none,v0_gpu_targeted_75m,artifacts/autogluon/v0_gpu_targeted_75m,,legacy AutoGluon 8-fold bagged OOF (unsealed predictor tree),0,1 x 8 bag folds,,,,,available,10000,available,2500,,,"2,500 probabilities exist, but no explicit row identity/order field",historical_unsealed,legacy_internal_oof_unsealed,same-run level-1 components; exact weights unavailable,unknown,test probabilities exist but row identity/order and sealed run provenance are unproven,diagnostic_only,C,G3_identity_unproven,091b365b89f61184cbcb395686fbe911e1455569d71ec92531f8990281fd00af,ff990195f95b97f2a9df72e241491c1df73b1a527f1ec74e6a21047da7883342,No trained model was loaded; internal oof.pkl inspected as a prediction artifact only.
fixed__v0__catboost_xgboost_50_50,fixed_blend,fixed_weighted_mean,CatBoost 50% + XGBoost 50%,v0_raw_minimal,none,comparison_v0_raw_minimal,artifacts/experiments/comparison_v0_raw_minimal,,legacy 5-fold OOF fixed blend,42,1 x 5 folds,0.898839,0.898839,0.13,0.8832,available,10000,available,2500,e583aadf66d2a2236811d1e171492899dd596e7fc40a7cee7138e90c16b50966,0e90ca9310a1df3e1858fb004a4b5a86694da7ea08be95072d5ee7806ab3eb34,row_index 0..2499; test_anchor_hash=5149a289f16b71509a923ccede164e58540b035e8fc6d9bac3eb036949f0491f; ordered_row_position_hash=6f8d86365e60041769db51cc9287d7efe027afa20250251973af5d77d2bb2eeb,completed_unsealed,legacy_probability_files_verified,legacy__v0_raw_minimal__catboost__cv5|legacy__v0_raw_minimal__xgboost__cv5,eligible,complete aligned macro predictions; exclude its two components from the same initial optimization,both,B,G1_common_anchor_target_independent,617d6937d220bd48f8fc1a88f1a87ce7600891990f0b89cb044b8433f0a360d2,f58d455e6b31514ad28bb2553c47f61902127e55a67bbc641e0b5ee0ae724deb,Historical Kaggle-linked fixed macro candidate.
fixed__v3__research_v2_lightgbm_xgboost_crossfit,fixed_blend,fixed_weighted_mean,Research v2 LightGBM/XGBoost cross-fitted blend,v3_targeted_missingness,exploratory,lightgbm_xgboost_blend_v1,artifacts/blend_evaluations/lightgbm_xgboost_blend_v1,artifacts/blend_evaluations/lightgbm_xgboost_blend_v1/resolved_config.yaml,leave-one-outer-fold-out within repeat weight and threshold selection,0|17,2 repeats x 5 outer folds,0.899209040295,,0.134,,available,20000,missing,,e583aadf66d2a2236811d1e171492899dd596e7fc40a7cee7138e90c16b50966,0e90ca9310a1df3e1858fb004a4b5a86694da7ea08be95072d5ee7806ab3eb34,Dataset Package test_anchor_hash=5149a289f16b71509a923ccede164e58540b035e8fc6d9bac3eb036949f0491f; test probabilities missing,completed,verified_but_requires_repeat_normalization,rv2__v3_targeted_missingness__manual_lightgbm_te_v1_compat__20260729t070702417916z_38bbefe2|rv2__v3_targeted_missingness__xgboost_numeric_v1__20260729t191059296125z_55c26d5e,conditionally_eligible,complete cross-fitted repeated OOF but test probabilities are missing; macro depends on its two Research v2 components,exploratory,C,G2_common_anchor_exploratory,106d91ca15f5f1c6c91de46013937de3ba1e7afd737cb48c91822ed6e5cadf91,,Deployment median LightGBM weight=0.775; do not optimize jointly with its components. Physical OOF rows=20000; normalized coverage=10000.
legacy__v0_raw_minimal__catboost__cv5,legacy_manual,CatBoost,catboost,v0_raw_minimal,none,catboost_v0_raw_minimal_cv5,artifacts/experiments/catboost_v0_raw_minimal_cv5,,legacy stratified 5-fold CV with global and cross-fitted threshold diagnostics,42,1 x 5 folds,0.793979452674,0.892611687256,0.174,,available,10000,available,2500,e583aadf66d2a2236811d1e171492899dd596e7fc40a7cee7138e90c16b50966,0e90ca9310a1df3e1858fb004a4b5a86694da7ea08be95072d5ee7806ab3eb34,row_index exactly matches sample submission; test_anchor_hash=5149a289f16b71509a923ccede164e58540b035e8fc6d9bac3eb036949f0491f; ordered_row_position_hash=6f8d86365e60041769db51cc9287d7efe027afa20250251973af5d77d2bb2eeb,completed_unsealed,legacy_probability_files_verified,,eligible,complete unique aligned OOF and test probabilities; legacy protocol remains distinct,both,B,G1_common_anchor_target_independent,09158ee9d25fc2043b6341ca14608c7918c596a5a165e6b9af80ec41363538a5,062d17ae24c63be04843fb0b2f0d3642746fb5b111e9148082d98ed11252139a,No immutable run manifest or resolved config; validated directly against canonical target and sample-submission order.
legacy__v0_raw_minimal__lightgbm__cv5,legacy_manual,LightGBM,lightgbm,v0_raw_minimal,none,lightgbm_v0_raw_minimal_cv5,artifacts/experiments/lightgbm_v0_raw_minimal_cv5,,legacy stratified 5-fold CV with global and cross-fitted threshold diagnostics,42,1 x 5 folds,0.763423731876,0.880651451158,0.128,,available,10000,available,2500,e583aadf66d2a2236811d1e171492899dd596e7fc40a7cee7138e90c16b50966,0e90ca9310a1df3e1858fb004a4b5a86694da7ea08be95072d5ee7806ab3eb34,row_index exactly matches sample submission; test_anchor_hash=5149a289f16b71509a923ccede164e58540b035e8fc6d9bac3eb036949f0491f; ordered_row_position_hash=6f8d86365e60041769db51cc9287d7efe027afa20250251973af5d77d2bb2eeb,completed_unsealed,legacy_probability_files_verified,,eligible,complete unique aligned OOF and test probabilities; legacy protocol remains distinct,both,C,G1_common_anchor_target_independent,9e04e3caebb7a74dfbe2ea32919abcbe25927adbd2a27593031038806f72400d,d48162545714ad4d9f4cc41d989d682d9df4e70cf5bfaa994b0726e2acdc678a,No immutable run manifest or resolved config; validated directly against canonical target and sample-submission order.
legacy__v0_raw_minimal__xgboost__cv5,legacy_manual,XGBoost,xgboost,v0_raw_minimal,none,xgboost_v0_raw_minimal_cv5,artifacts/experiments/xgboost_v0_raw_minimal_cv5,,legacy stratified 5-fold CV with global and cross-fitted threshold diagnostics,42,1 x 5 folds,0.784649653322,0.890729467545,0.041,,available,10000,available,2500,e583aadf66d2a2236811d1e171492899dd596e7fc40a7cee7138e90c16b50966,0e90ca9310a1df3e1858fb004a4b5a86694da7ea08be95072d5ee7806ab3eb34,row_index exactly matches sample submission; test_anchor_hash=5149a289f16b71509a923ccede164e58540b035e8fc6d9bac3eb036949f0491f; ordered_row_position_hash=6f8d86365e60041769db51cc9287d7efe027afa20250251973af5d77d2bb2eeb,completed_unsealed,legacy_probability_files_verified,,eligible,complete unique aligned OOF and test probabilities; legacy protocol remains distinct,both,C,G1_common_anchor_target_independent,e31808d1ffcbfb314715407ebeddfcc2c808ed659897652c779a430ffb63bb38,e63115464d4d6067176621c320082bfecc12dfec00a19dea9e9cf6d8fff3e1ca,No immutable run manifest or resolved config; validated directly against canonical target and sample-submission order.
legacy__v1_missingness_summary__catboost__cv5,legacy_manual,CatBoost,catboost,v1_missingness_summary,none,catboost_v1_missingness_summary_cv5,artifacts/experiments/catboost_v1_missingness_summary_cv5,,legacy stratified 5-fold CV with global and cross-fitted threshold diagnostics,42,1 x 5 folds,0.792542505822,0.888310981561,0.126,,available,10000,available,2500,e583aadf66d2a2236811d1e171492899dd596e7fc40a7cee7138e90c16b50966,0e90ca9310a1df3e1858fb004a4b5a86694da7ea08be95072d5ee7806ab3eb34,row_index exactly matches sample submission; test_anchor_hash=5149a289f16b71509a923ccede164e58540b035e8fc6d9bac3eb036949f0491f; ordered_row_position_hash=6f8d86365e60041769db51cc9287d7efe027afa20250251973af5d77d2bb2eeb,completed_unsealed,legacy_probability_files_verified,,eligible,complete unique aligned OOF and test probabilities; legacy protocol remains distinct,both,C,G1_common_anchor_target_independent,a9dc8e650afe298b040fbf5f8a45287c71bc0d9ff0c961257e9dc6ddd0c0a40b,0511c5a4da732313932ed13d85e6df1be2f1354a5df0d6d78daecb193117ef6b,No immutable run manifest or resolved config; validated directly against canonical target and sample-submission order.
legacy__v1_missingness_summary__xgboost__cv5,legacy_manual,XGBoost,xgboost,v1_missingness_summary,none,xgboost_v1_missingness_summary_cv5,artifacts/experiments/xgboost_v1_missingness_summary_cv5,,legacy stratified 5-fold CV with global and cross-fitted threshold diagnostics,42,1 x 5 folds,0.787140405262,0.893871494385,0.037,,available,10000,available,2500,e583aadf66d2a2236811d1e171492899dd596e7fc40a7cee7138e90c16b50966,0e90ca9310a1df3e1858fb004a4b5a86694da7ea08be95072d5ee7806ab3eb34,row_index exactly matches sample submission; test_anchor_hash=5149a289f16b71509a923ccede164e58540b035e8fc6d9bac3eb036949f0491f; ordered_row_position_hash=6f8d86365e60041769db51cc9287d7efe027afa20250251973af5d77d2bb2eeb,completed_unsealed,legacy_probability_files_verified,,eligible,complete unique aligned OOF and test probabilities; legacy protocol remains distinct,both,C,G1_common_anchor_target_independent,9b386ba065f18e01ed32789d3675b6c0253be3ae1fc521f38c37e52768a53db0,bddadc33cffbe1cc2c5cde2a42d559ceb09fdbfd9a94a1dd770f13587a8f5086,No immutable run manifest or resolved config; validated directly against canonical target and sample-submission order.
legacy__v2_missingness_indicators__xgboost__cv5,legacy_manual,XGBoost,xgboost,v2_missingness_indicators,none,xgboost_v2_missingness_indicators_cv5,artifacts/experiments/xgboost_v2_missingness_indicators_cv5,,legacy stratified 5-fold CV with global and cross-fitted threshold diagnostics,42,1 x 5 folds,0.791603709359,0.890021349302,0.041,,available,10000,available,2500,e583aadf66d2a2236811d1e171492899dd596e7fc40a7cee7138e90c16b50966,0e90ca9310a1df3e1858fb004a4b5a86694da7ea08be95072d5ee7806ab3eb34,row_index exactly matches sample submission; test_anchor_hash=5149a289f16b71509a923ccede164e58540b035e8fc6d9bac3eb036949f0491f; ordered_row_position_hash=6f8d86365e60041769db51cc9287d7efe027afa20250251973af5d77d2bb2eeb,completed_unsealed,legacy_probability_files_verified,,eligible,complete unique aligned OOF and test probabilities; legacy protocol remains distinct,both,C,G1_common_anchor_target_independent,7750f3478868575881a396e0dea42742c7eed70982da1f34d8615e59ed27d611,32c37d88d42f71bc4ec44698a72c1992503b370ed291174295d6366897711ce0,No immutable run manifest or resolved config; validated directly against canonical target and sample-submission order.
legacy__v3__manual_lightgbmprep_r31__20260724t204236264541z_12923f74,legacy_manual,LightGBMPrep,Manual LightGBMPrep_r31 reproduction,v3_targeted_missingness,exploratory,20260724T204236264541Z_12923f74,artifacts/experiments/manual_lightgbmprep_r31/20260724T204236264541Z_12923f74,artifacts/experiments/manual_lightgbmprep_r31/20260724T204236264541Z_12923f74/resolved_config.yaml,legacy 8-fold bagging with OOF target encoding,outer=0|encoder=42,1 x 8 folds; 5 encoding folds,0.817714192549,0.900979335902,0.117,,available,10000,available,2500,e583aadf66d2a2236811d1e171492899dd596e7fc40a7cee7138e90c16b50966,0e90ca9310a1df3e1858fb004a4b5a86694da7ea08be95072d5ee7806ab3eb34,row_position 0..2499 and sample index exact; test_anchor_hash=5149a289f16b71509a923ccede164e58540b035e8fc6d9bac3eb036949f0491f; ordered_row_position_hash=6f8d86365e60041769db51cc9287d7efe027afa20250251973af5d77d2bb2eeb,completed,verified_parity_artifact,,ineligible,exact duplicate of later canonical reproduction run,exclude,excluded,G2_common_anchor_exploratory,abec6fb658da2088d996de56d3219007752ac70f29d826db57ec308b00e780e0,aa3177a70a41deae3706690b78624c61ccfb4f05b664af924896a3985d32e758,Simplified reproduction omits AutoGluon arithmetic and categorical-interaction generators; global 0.096 score is optimistic. Exact OOF duplicate of legacy__v3__manual_lightgbmprep_r31__20260724t211936695045z_21d37ad8.
legacy__v3__manual_lightgbmprep_r31__20260724t211936695045z_21d37ad8,legacy_manual,LightGBMPrep,Manual LightGBMPrep_r31 reproduction,v3_targeted_missingness,exploratory,20260724T211936695045Z_21d37ad8,artifacts/experiments/manual_lightgbmprep_r31/20260724T211936695045Z_21d37ad8,artifacts/experiments/manual_lightgbmprep_r31/20260724T211936695045Z_21d37ad8/resolved_config.yaml,legacy 8-fold bagging with OOF target encoding,outer=0|encoder=42,1 x 8 folds; 5 encoding folds,0.817714192549,0.900979335902,0.117,0.9023,available,10000,available,2500,e583aadf66d2a2236811d1e171492899dd596e7fc40a7cee7138e90c16b50966,0e90ca9310a1df3e1858fb004a4b5a86694da7ea08be95072d5ee7806ab3eb34,row_position 0..2499 and sample index exact; test_anchor_hash=5149a289f16b71509a923ccede164e58540b035e8fc6d9bac3eb036949f0491f; ordered_row_position_hash=6f8d86365e60041769db51cc9287d7efe027afa20250251973af5d77d2bb2eeb,completed,verified_parity_artifact,,eligible,complete aligned OOF and test probabilities,exploratory,A,G2_common_anchor_exploratory,abec6fb658da2088d996de56d3219007752ac70f29d826db57ec308b00e780e0,aa3177a70a41deae3706690b78624c61ccfb4f05b664af924896a3985d32e758,Simplified reproduction omits AutoGluon arithmetic and categorical-interaction generators; global 0.096 score is optimistic. Exact OOF duplicate of legacy__v3__manual_lightgbmprep_r31__20260724t204236264541z_12923f74.
legacy__v3_targeted_missingness__catboost__cv5,legacy_manual,CatBoost,catboost,v3_targeted_missingness,exploratory,catboost_v3_targeted_missingness_cv5,artifacts/experiments/catboost_v3_targeted_missingness_cv5,,legacy stratified 5-fold CV with global and cross-fitted threshold diagnostics,42,1 x 5 folds,0.79836586403,0.891262428973,0.113,,available,10000,available,2500,e583aadf66d2a2236811d1e171492899dd596e7fc40a7cee7138e90c16b50966,0e90ca9310a1df3e1858fb004a4b5a86694da7ea08be95072d5ee7806ab3eb34,row_index exactly matches sample submission; test_anchor_hash=5149a289f16b71509a923ccede164e58540b035e8fc6d9bac3eb036949f0491f; ordered_row_position_hash=6f8d86365e60041769db51cc9287d7efe027afa20250251973af5d77d2bb2eeb,completed_unsealed,legacy_probability_files_verified,,eligible,complete unique aligned OOF and test probabilities; legacy protocol remains distinct,exploratory,C,G2_common_anchor_exploratory,78b186f9a786b242eca67a54785471ee9f19096bb8f538525410c11278851292,ebfff96ee31f3311a617153e1b7fef15251dce4d684b0fca549d762faf0285a4,No immutable run manifest or resolved config; validated directly against canonical target and sample-submission order.
legacy__v3_targeted_missingness__xgboost__cv5,legacy_manual,XGBoost,xgboost,v3_targeted_missingness,exploratory,xgboost_v3_targeted_missingness_cv5,artifacts/experiments/xgboost_v3_targeted_missingness_cv5,,legacy stratified 5-fold CV with global and cross-fitted threshold diagnostics,42,1 x 5 folds,0.791661213671,0.892628431807,0.047,,available,10000,available,2500,e583aadf66d2a2236811d1e171492899dd596e7fc40a7cee7138e90c16b50966,0e90ca9310a1df3e1858fb004a4b5a86694da7ea08be95072d5ee7806ab3eb34,row_index exactly matches sample submission; test_anchor_hash=5149a289f16b71509a923ccede164e58540b035e8fc6d9bac3eb036949f0491f; ordered_row_position_hash=6f8d86365e60041769db51cc9287d7efe027afa20250251973af5d77d2bb2eeb,completed_unsealed,legacy_probability_files_verified,,eligible,complete unique aligned OOF and test probabilities; legacy protocol remains distinct,exploratory,C,G2_common_anchor_exploratory,f4799279d42862761b29df04adc72aa09065c86f70513ffb760cacbc9a6d5adc,f2ee4f3e7cacabadeadab0e1cc62c035775a5c1e80f7262b93416c239f52ae8d,No immutable run manifest or resolved config; validated directly against canonical target and sample-submission order.
legacy_nested__v3__manual_lightgbmprep_r31__final_provenance_20260725,legacy_manual,LightGBMPrep,Manual LightGBMPrep_r31 nested evaluation,v3_targeted_missingness,exploratory,final-provenance-20260725,artifacts/research_evaluations/telecom_v3_nested_rs5x5_v1_09b3e1632848/manual_lightgbmprep_r31_v3/final-provenance-20260725,artifacts/research_evaluations/telecom_v3_nested_rs5x5_v1_09b3e1632848/manual_lightgbmprep_r31_v3/final-provenance-20260725/resolved_config.yaml,legacy nested repeated stratified evaluation,0|17|42|314159|271828,5 repeats x 5 outer folds; 5 threshold folds,0.898794877049,,0.101,0.8884,available,50000,available,2500,e583aadf66d2a2236811d1e171492899dd596e7fc40a7cee7138e90c16b50966,0e90ca9310a1df3e1858fb004a4b5a86694da7ea08be95072d5ee7806ab3eb34,ordered row_position hash=6f8d86365e60041769db51cc9287d7efe027afa20250251973af5d77d2bb2eeb; durable final submission identity verified,completed,verified_but_requires_repeat_normalization,,conditionally_eligible,"complete averaged OOS and full-data test probabilities, but evaluation/deployment training semantics require explicit pairing",diagnostic_only,C,G2_common_anchor_exploratory,a398887a47e2f7f41c87c9da59083051ebd9e3d25535b65690ada5652bebc15a,3709202f2909471433c9bc426c506996c26e0e3c4f60bc39ad3898b5fb51f051,Physical OOF rows=50000; normalized coverage=10000. Exact OOF duplicate of legacy_nested__v3__manual_lightgbmprep_r31__review_fixed_20260725|legacy_nested__v3__manual_lightgbmprep_r31__nested_rs5x5_20260725.
legacy_nested__v3__manual_lightgbmprep_r31__nested_rs5x5_20260725,legacy_manual,LightGBMPrep,Manual LightGBMPrep_r31 nested evaluation,v3_targeted_missingness,exploratory,nested-rs5x5-20260725,artifacts/research_evaluations/telecom_v3_nested_rs5x5_v1_2e6918fb177f/manual_lightgbmprep_r31_v3/nested-rs5x5-20260725,artifacts/research_evaluations/telecom_v3_nested_rs5x5_v1_2e6918fb177f/manual_lightgbmprep_r31_v3/nested-rs5x5-20260725/resolved_config.yaml,legacy nested repeated stratified evaluation,0|17|42|314159|271828,5 repeats x 5 outer folds; 5 threshold folds,0.898794877049,,0.101,,available,50000,missing,,e583aadf66d2a2236811d1e171492899dd596e7fc40a7cee7138e90c16b50966,0e90ca9310a1df3e1858fb004a4b5a86694da7ea08be95072d5ee7806ab3eb34,test_anchor_hash=5149a289f16b71509a923ccede164e58540b035e8fc6d9bac3eb036949f0491f; probabilities missing,completed,verified_but_requires_repeat_normalization,,ineligible,duplicate nested evaluation variant without test probabilities,exclude,excluded,G2_common_anchor_exploratory,a398887a47e2f7f41c87c9da59083051ebd9e3d25535b65690ada5652bebc15a,,Physical OOF rows=50000; normalized coverage=10000. Exact OOF duplicate of legacy_nested__v3__manual_lightgbmprep_r31__final_provenance_20260725|legacy_nested__v3__manual_lightgbmprep_r31__review_fixed_20260725.
legacy_nested__v3__manual_lightgbmprep_r31__review_fixed_20260725,legacy_manual,LightGBMPrep,Manual LightGBMPrep_r31 nested evaluation,v3_targeted_missingness,exploratory,review-fixed-20260725,artifacts/research_evaluations/telecom_v3_nested_rs5x5_v1_09b3e1632848/manual_lightgbmprep_r31_v3/review-fixed-20260725,artifacts/research_evaluations/telecom_v3_nested_rs5x5_v1_09b3e1632848/manual_lightgbmprep_r31_v3/review-fixed-20260725/resolved_config.yaml,legacy nested repeated stratified evaluation,0|17|42|314159|271828,5 repeats x 5 outer folds; 5 threshold folds,0.898794877049,,0.101,,available,50000,missing,,e583aadf66d2a2236811d1e171492899dd596e7fc40a7cee7138e90c16b50966,0e90ca9310a1df3e1858fb004a4b5a86694da7ea08be95072d5ee7806ab3eb34,test_anchor_hash=5149a289f16b71509a923ccede164e58540b035e8fc6d9bac3eb036949f0491f; probabilities missing,completed,verified_but_requires_repeat_normalization,,ineligible,duplicate nested evaluation variant without test probabilities,exclude,excluded,G2_common_anchor_exploratory,a398887a47e2f7f41c87c9da59083051ebd9e3d25535b65690ada5652bebc15a,,Physical OOF rows=50000; normalized coverage=10000. Exact OOF duplicate of legacy_nested__v3__manual_lightgbmprep_r31__final_provenance_20260725|legacy_nested__v3__manual_lightgbmprep_r31__nested_rs5x5_20260725.
rv2__v0_raw_minimal__catboost_numeric_v1__20260731t105617178392z_9d1a7e1c,research_v2,CatBoost,catboost_numeric_v1,v0_raw_minimal,none,20260731T105617178392Z_9d1a7e1c,artifacts/research_v2/v0_raw_minimal__development_r2x5_t3_v1_416c3c96b3ff/registered_prepared_passthrough_v1__catboost_numeric_v1/20260731T105617178392Z_9d1a7e1c,artifacts/research_v2/v0_raw_minimal__development_r2x5_t3_v1_416c3c96b3ff/registered_prepared_passthrough_v1__catboost_numeric_v1/20260731T105617178392Z_9d1a7e1c/resolved_config.yaml,Research v2 nested threshold evaluation,0|17,2 repeat(s) x 5 outer folds; 3 threshold folds,0.88587167505,,0.163,,available,20000,missing,,e583aadf66d2a2236811d1e171492899dd596e7fc40a7cee7138e90c16b50966,0e90ca9310a1df3e1858fb004a4b5a86694da7ea08be95072d5ee7806ab3eb34,test_anchor_hash=5149a289f16b71509a923ccede164e58540b035e8fc6d9bac3eb036949f0491f; probabilities missing,completed,verified_but_requires_repeat_normalization,,conditionally_eligible,complete repeated OOF; per-row repeat normalization and test probabilities are not materialized,target_independent,C,G1_common_anchor_target_independent,06d701d95a801ebd0e732f08ed062cccd317b8676036cea53c3b69b9d1ef8430,,Physical OOF rows=20000; normalized coverage=10000. Source feature-bound train hash=0e90ca9310a1df3e1858fb004a4b5a86694da7ea08be95072d5ee7806ab3eb34.
rv2__v0_raw_minimal__manual_lightgbm_te_v1_compat__20260731t102957829301z_83e78e3f,research_v2,LightGBM,manual_lightgbm_te_v1_compat,v0_raw_minimal,none,20260731T102957829301Z_83e78e3f,artifacts/research_v2/v0_raw_minimal__development_r2x5_t3_v1_416c3c96b3ff/registered_prepared_passthrough_v1__manual_lightgbm_te_v1_compat/20260731T102957829301Z_83e78e3f,artifacts/research_v2/v0_raw_minimal__development_r2x5_t3_v1_416c3c96b3ff/registered_prepared_passthrough_v1__manual_lightgbm_te_v1_compat/20260731T102957829301Z_83e78e3f/resolved_config.yaml,Research v2 nested threshold evaluation,0|17,2 repeat(s) x 5 outer folds; 3 threshold folds,0.897256978181,,0.0985,,available,20000,available,2500,e583aadf66d2a2236811d1e171492899dd596e7fc40a7cee7138e90c16b50966,0e90ca9310a1df3e1858fb004a4b5a86694da7ea08be95072d5ee7806ab3eb34,test_anchor_hash=5149a289f16b71509a923ccede164e58540b035e8fc6d9bac3eb036949f0491f; ordered_row_position_hash=6f8d86365e60041769db51cc9287d7efe027afa20250251973af5d77d2bb2eeb; deployment identity verified,completed,verified_but_requires_repeat_normalization,,conditionally_eligible,complete repeated OOF and aligned deployment test probabilities; requires declared repeat normalization and candidate materialization,target_independent,C,G1_common_anchor_target_independent,64477ce007e3db5d6135eb6cc39366c7e8bada3509ccf530798e8e43aed1d9fa,66c2906dc1dd1a3a6ba5eaf63e285b6d1d0e3d38f9e3cb816590fde6012ee122,Physical OOF rows=20000; normalized coverage=10000. Source feature-bound train hash=0e90ca9310a1df3e1858fb004a4b5a86694da7ea08be95072d5ee7806ab3eb34.
rv2__v0_raw_minimal__manual_lightgbm_te_v1_compat__cell_17b316a37b819db5_attempt_01,research_v2,LightGBM,manual_lightgbm_te_v1_compat,v0_raw_minimal,none,cell_17b316a37b819db5_attempt_01,artifacts/research_v2/v0_raw_minimal__smoke_r1x3_t2_v1_8de07d49abca/registered_prepared_passthrough_v1__manual_lightgbm_te_v1_compat/cell_17b316a37b819db5_attempt_01,artifacts/research_v2/v0_raw_minimal__smoke_r1x3_t2_v1_8de07d49abca/registered_prepared_passthrough_v1__manual_lightgbm_te_v1_compat/cell_17b316a37b819db5_attempt_01/resolved_config.yaml,Research v2 nested threshold evaluation,0,1 repeat(s) x 3 outer folds; 2 threshold folds,0.892155838891,,0.073,,available,10000,missing,,e583aadf66d2a2236811d1e171492899dd596e7fc40a7cee7138e90c16b50966,0e90ca9310a1df3e1858fb004a4b5a86694da7ea08be95072d5ee7806ab3eb34,test_anchor_hash=5149a289f16b71509a923ccede164e58540b035e8fc6d9bac3eb036949f0491f; probabilities missing,completed,verified_but_requires_repeat_normalization,,ineligible,smoke protocol is diagnostic only,diagnostic_only,excluded,G1_common_anchor_target_independent,e8679f430b212c2e8baa2600144d286cd2c0cd7d64e89850d28d5aaf27712ef2,,Physical OOF rows=10000; normalized coverage=10000. Source feature-bound train hash=0e90ca9310a1df3e1858fb004a4b5a86694da7ea08be95072d5ee7806ab3eb34. Exact OOF duplicate of rv2__v0_raw_minimal__manual_lightgbm_te_v1_compat__cell_7883094fe937d09c_attempt_01.
rv2__v0_raw_minimal__manual_lightgbm_te_v1_compat__cell_7883094fe937d09c_attempt_01,research_v2,LightGBM,manual_lightgbm_te_v1_compat,v0_raw_minimal,none,cell_7883094fe937d09c_attempt_01,artifacts/research_v2/v0_raw_minimal__smoke_r1x3_t2_v1_8de07d49abca/registered_prepared_passthrough_v1__manual_lightgbm_te_v1_compat/cell_7883094fe937d09c_attempt_01,artifacts/research_v2/v0_raw_minimal__smoke_r1x3_t2_v1_8de07d49abca/registered_prepared_passthrough_v1__manual_lightgbm_te_v1_compat/cell_7883094fe937d09c_attempt_01/resolved_config.yaml,Research v2 nested threshold evaluation,0,1 repeat(s) x 3 outer folds; 2 threshold folds,0.892155838891,,0.073,,available,10000,missing,,e583aadf66d2a2236811d1e171492899dd596e7fc40a7cee7138e90c16b50966,0e90ca9310a1df3e1858fb004a4b5a86694da7ea08be95072d5ee7806ab3eb34,test_anchor_hash=5149a289f16b71509a923ccede164e58540b035e8fc6d9bac3eb036949f0491f; probabilities missing,completed,verified_but_requires_repeat_normalization,,ineligible,smoke protocol is diagnostic only,diagnostic_only,excluded,G1_common_anchor_target_independent,e8679f430b212c2e8baa2600144d286cd2c0cd7d64e89850d28d5aaf27712ef2,,Physical OOF rows=10000; normalized coverage=10000. Source feature-bound train hash=0e90ca9310a1df3e1858fb004a4b5a86694da7ea08be95072d5ee7806ab3eb34. Exact OOF duplicate of rv2__v0_raw_minimal__manual_lightgbm_te_v1_compat__cell_17b316a37b819db5_attempt_01.
rv2__v0_raw_minimal__xgboost_numeric_v1__20260731t123834711112z_34fe32f5,research_v2,XGBoost,xgboost_numeric_v1,v0_raw_minimal,none,20260731T123834711112Z_34fe32f5,artifacts/research_v2/v0_raw_minimal__development_r2x5_t3_v1_416c3c96b3ff/registered_prepared_passthrough_v1__xgboost_numeric_v1/20260731T123834711112Z_34fe32f5,artifacts/research_v2/v0_raw_minimal__development_r2x5_t3_v1_416c3c96b3ff/registered_prepared_passthrough_v1__xgboost_numeric_v1/20260731T123834711112Z_34fe32f5/resolved_config.yaml,Research v2 nested threshold evaluation,0|17,2 repeat(s) x 5 outer folds; 3 threshold folds,0.89671068721,,0.076,,available,20000,missing,,e583aadf66d2a2236811d1e171492899dd596e7fc40a7cee7138e90c16b50966,0e90ca9310a1df3e1858fb004a4b5a86694da7ea08be95072d5ee7806ab3eb34,test_anchor_hash=5149a289f16b71509a923ccede164e58540b035e8fc6d9bac3eb036949f0491f; probabilities missing,completed,verified_but_requires_repeat_normalization,,conditionally_eligible,complete repeated OOF; per-row repeat normalization and test probabilities are not materialized,target_independent,C,G1_common_anchor_target_independent,9a86a5682e95187c75f9fd35726c7764153f9eb55e8721d33d26a5be87946e4e,,Physical OOF rows=20000; normalized coverage=10000. Source feature-bound train hash=0e90ca9310a1df3e1858fb004a4b5a86694da7ea08be95072d5ee7806ab3eb34.
rv2__v1_missingness_summary__catboost_numeric_v1__20260731t110559509897z_a53f811c,research_v2,CatBoost,catboost_numeric_v1,v1_missingness_summary,none,20260731T110559509897Z_a53f811c,artifacts/research_v2/v1_missingness_summary__development_r2x5_t3_v1_58330d187c41/registered_prepared_passthrough_v1__catboost_numeric_v1/20260731T110559509897Z_a53f811c,artifacts/research_v2/v1_missingness_summary__development_r2x5_t3_v1_58330d187c41/registered_prepared_passthrough_v1__catboost_numeric_v1/20260731T110559509897Z_a53f811c/resolved_config.yaml,Research v2 nested threshold evaluation,0|17,2 repeat(s) x 5 outer folds; 3 threshold folds,0.886482520672,,0.1455,,available,20000,missing,,e583aadf66d2a2236811d1e171492899dd596e7fc40a7cee7138e90c16b50966,0e90ca9310a1df3e1858fb004a4b5a86694da7ea08be95072d5ee7806ab3eb34,test_anchor_hash=5149a289f16b71509a923ccede164e58540b035e8fc6d9bac3eb036949f0491f; probabilities missing,completed,verified_but_requires_repeat_normalization,,conditionally_eligible,complete repeated OOF; per-row repeat normalization and test probabilities are not materialized,target_independent,C,G1_common_anchor_target_independent,0ef2efae097c14a5bc9e9711736ff091da6a04ace871653ce830b4d2d1cf5358,,Physical OOF rows=20000; normalized coverage=10000. Source feature-bound train hash=4411f3e4d5402bae53cada0612f90aa5865111c46cfff1741c1a9cd35559c19a.
rv2__v1_missingness_summary__manual_lightgbm_te_v1_compat__20260731t103412849399z_4ab5658d,research_v2,LightGBM,manual_lightgbm_te_v1_compat,v1_missingness_summary,none,20260731T103412849399Z_4ab5658d,artifacts/research_v2/v1_missingness_summary__development_r2x5_t3_v1_58330d187c41/registered_prepared_passthrough_v1__manual_lightgbm_te_v1_compat/20260731T103412849399Z_4ab5658d,artifacts/research_v2/v1_missingness_summary__development_r2x5_t3_v1_58330d187c41/registered_prepared_passthrough_v1__manual_lightgbm_te_v1_compat/20260731T103412849399Z_4ab5658d/resolved_config.yaml,Research v2 nested threshold evaluation,0|17,2 repeat(s) x 5 outer folds; 3 threshold folds,0.898514031273,,0.106,,available,20000,missing,,e583aadf66d2a2236811d1e171492899dd596e7fc40a7cee7138e90c16b50966,0e90ca9310a1df3e1858fb004a4b5a86694da7ea08be95072d5ee7806ab3eb34,test_anchor_hash=5149a289f16b71509a923ccede164e58540b035e8fc6d9bac3eb036949f0491f; probabilities missing,completed,verified_but_requires_repeat_normalization,,conditionally_eligible,complete repeated OOF; per-row repeat normalization and test probabilities are not materialized,target_independent,C,G1_common_anchor_target_independent,c210ccc69f060c38953fddb784fc7ee67e3f2dd78270220f7ea7e430bad8c038,,Physical OOF rows=20000; normalized coverage=10000. Source feature-bound train hash=4411f3e4d5402bae53cada0612f90aa5865111c46cfff1741c1a9cd35559c19a.
rv2__v1_missingness_summary__xgboost_numeric_v1__20260731t124118321236z_fdba18b8,research_v2,XGBoost,xgboost_numeric_v1,v1_missingness_summary,none,20260731T124118321236Z_fdba18b8,artifacts/research_v2/v1_missingness_summary__development_r2x5_t3_v1_58330d187c41/registered_prepared_passthrough_v1__xgboost_numeric_v1/20260731T124118321236Z_fdba18b8,artifacts/research_v2/v1_missingness_summary__development_r2x5_t3_v1_58330d187c41/registered_prepared_passthrough_v1__xgboost_numeric_v1/20260731T124118321236Z_fdba18b8/resolved_config.yaml,Research v2 nested threshold evaluation,0|17,2 repeat(s) x 5 outer folds; 3 threshold folds,0.896884191602,,0.082,,available,20000,missing,,e583aadf66d2a2236811d1e171492899dd596e7fc40a7cee7138e90c16b50966,0e90ca9310a1df3e1858fb004a4b5a86694da7ea08be95072d5ee7806ab3eb34,test_anchor_hash=5149a289f16b71509a923ccede164e58540b035e8fc6d9bac3eb036949f0491f; probabilities missing,completed,verified_but_requires_repeat_normalization,,conditionally_eligible,complete repeated OOF; per-row repeat normalization and test probabilities are not materialized,target_independent,C,G1_common_anchor_target_independent,9e925efd2261b3425954c6cf42ce22feadc201f378a75bac801932130ee5f485,,Physical OOF rows=20000; normalized coverage=10000. Source feature-bound train hash=4411f3e4d5402bae53cada0612f90aa5865111c46cfff1741c1a9cd35559c19a.
rv2__v2_missingness_indicators__catboost_numeric_v1__20260731t111533137244z_87c07a59,research_v2,CatBoost,catboost_numeric_v1,v2_missingness_indicators,none,20260731T111533137244Z_87c07a59,artifacts/research_v2/v2_missingness_indicators__development_r2x5_t3_v1_8396bbc211a2/registered_prepared_passthrough_v1__catboost_numeric_v1/20260731T111533137244Z_87c07a59,artifacts/research_v2/v2_missingness_indicators__development_r2x5_t3_v1_8396bbc211a2/registered_prepared_passthrough_v1__catboost_numeric_v1/20260731T111533137244Z_87c07a59/resolved_config.yaml,Research v2 nested threshold evaluation,0|17,2 repeat(s) x 5 outer folds; 3 threshold folds,0.885229433395,,0.1605,,available,20000,missing,,e583aadf66d2a2236811d1e171492899dd596e7fc40a7cee7138e90c16b50966,0e90ca9310a1df3e1858fb004a4b5a86694da7ea08be95072d5ee7806ab3eb34,test_anchor_hash=5149a289f16b71509a923ccede164e58540b035e8fc6d9bac3eb036949f0491f; probabilities missing,completed,verified_but_requires_repeat_normalization,,conditionally_eligible,complete repeated OOF; per-row repeat normalization and test probabilities are not materialized,target_independent,C,G1_common_anchor_target_independent,76d399f7f00d320054f4708e224bde7ff4f7f4b992a65bdaa5c885a7ed57f67a,,Physical OOF rows=20000; normalized coverage=10000. Source feature-bound train hash=5801324bc9e21a3d3747eaeecdd3f9e490416b3b205c841092dfbd8a9c102644.
rv2__v2_missingness_indicators__manual_lightgbm_te_v1_compat__20260731t103746501270z_5cca7e20,research_v2,LightGBM,manual_lightgbm_te_v1_compat,v2_missingness_indicators,none,20260731T103746501270Z_5cca7e20,artifacts/research_v2/v2_missingness_indicators__development_r2x5_t3_v1_8396bbc211a2/registered_prepared_passthrough_v1__manual_lightgbm_te_v1_compat/20260731T103746501270Z_5cca7e20,artifacts/research_v2/v2_missingness_indicators__development_r2x5_t3_v1_8396bbc211a2/registered_prepared_passthrough_v1__manual_lightgbm_te_v1_compat/20260731T103746501270Z_5cca7e20/resolved_config.yaml,Research v2 nested threshold evaluation,0|17,2 repeat(s) x 5 outer folds; 3 threshold folds,0.898467212627,,0.113,,available,20000,missing,,e583aadf66d2a2236811d1e171492899dd596e7fc40a7cee7138e90c16b50966,0e90ca9310a1df3e1858fb004a4b5a86694da7ea08be95072d5ee7806ab3eb34,test_anchor_hash=5149a289f16b71509a923ccede164e58540b035e8fc6d9bac3eb036949f0491f; probabilities missing,completed,verified_but_requires_repeat_normalization,,conditionally_eligible,complete repeated OOF; per-row repeat normalization and test probabilities are not materialized,target_independent,C,G1_common_anchor_target_independent,c87cd9fb501aa1f33f1033c75ed658e8ae78e1bb3a0bb2dff3d698ef0f0c2759,,Physical OOF rows=20000; normalized coverage=10000. Source feature-bound train hash=5801324bc9e21a3d3747eaeecdd3f9e490416b3b205c841092dfbd8a9c102644.
rv2__v2_missingness_indicators__xgboost_numeric_v1__20260731t124409714565z_511645a2,research_v2,XGBoost,xgboost_numeric_v1,v2_missingness_indicators,none,20260731T124409714565Z_511645a2,artifacts/research_v2/v2_missingness_indicators__development_r2x5_t3_v1_8396bbc211a2/registered_prepared_passthrough_v1__xgboost_numeric_v1/20260731T124409714565Z_511645a2,artifacts/research_v2/v2_missingness_indicators__development_r2x5_t3_v1_8396bbc211a2/registered_prepared_passthrough_v1__xgboost_numeric_v1/20260731T124409714565Z_511645a2/resolved_config.yaml,Research v2 nested threshold evaluation,0|17,2 repeat(s) x 5 outer folds; 3 threshold folds,0.897642433336,,0.0875,,available,20000,missing,,e583aadf66d2a2236811d1e171492899dd596e7fc40a7cee7138e90c16b50966,0e90ca9310a1df3e1858fb004a4b5a86694da7ea08be95072d5ee7806ab3eb34,test_anchor_hash=5149a289f16b71509a923ccede164e58540b035e8fc6d9bac3eb036949f0491f; probabilities missing,completed,verified_but_requires_repeat_normalization,,conditionally_eligible,complete repeated OOF; per-row repeat normalization and test probabilities are not materialized,target_independent,C,G1_common_anchor_target_independent,c973c475db790449c1f258f9b19069c81b1e35fa17ec3d90dcdaec94b802f389,,Physical OOF rows=20000; normalized coverage=10000. Source feature-bound train hash=5801324bc9e21a3d3747eaeecdd3f9e490416b3b205c841092dfbd8a9c102644.
rv2__v3_targeted_missingness__catboost_numeric_v1__20260730t104957444992z_243263fc,research_v2,CatBoost,catboost_numeric_v1,v3_targeted_missingness,exploratory,20260730T104957444992Z_243263fc,artifacts/research_v2/telecom_v3_development_r2x5_t3_v1_7648a8fc1f19/manual_v3_pipeline_v1_compat__catboost_numeric_v1/20260730T104957444992Z_243263fc,artifacts/research_v2/telecom_v3_development_r2x5_t3_v1_7648a8fc1f19/manual_v3_pipeline_v1_compat__catboost_numeric_v1/20260730T104957444992Z_243263fc/resolved_config.yaml,Research v2 nested threshold evaluation,0|17,2 repeat(s) x 5 outer folds; 3 threshold folds,0.885908799482,,0.1555,,available,20000,missing,,e583aadf66d2a2236811d1e171492899dd596e7fc40a7cee7138e90c16b50966,0e90ca9310a1df3e1858fb004a4b5a86694da7ea08be95072d5ee7806ab3eb34,test_anchor_hash=5149a289f16b71509a923ccede164e58540b035e8fc6d9bac3eb036949f0491f; probabilities missing,completed,verified_but_requires_repeat_normalization,,conditionally_eligible,complete repeated OOF; per-row repeat normalization and test probabilities are not materialized,exploratory,C,G2_common_anchor_exploratory,395706bbc7018b8e5ef5a4babe5d8517820003d96674ed4ee89a20d2b7a4db82,,Physical OOF rows=20000; normalized coverage=10000. Source feature-bound train hash=.
rv2__v3_targeted_missingness__catboost_numeric_v1__20260731t114231165558z_8d2a9898,research_v2,CatBoost,catboost_numeric_v1,v3_targeted_missingness,exploratory,20260731T114231165558Z_8d2a9898,artifacts/research_v2/v3_targeted_missingness__development_r2x5_t3_v1_dffc2b44d476/registered_prepared_passthrough_v1__catboost_numeric_v1/20260731T114231165558Z_8d2a9898,artifacts/research_v2/v3_targeted_missingness__development_r2x5_t3_v1_dffc2b44d476/registered_prepared_passthrough_v1__catboost_numeric_v1/20260731T114231165558Z_8d2a9898/resolved_config.yaml,Research v2 nested threshold evaluation,0|17,2 repeat(s) x 5 outer folds; 3 threshold folds,0.886953240842,,0.153,,available,20000,missing,,e583aadf66d2a2236811d1e171492899dd596e7fc40a7cee7138e90c16b50966,0e90ca9310a1df3e1858fb004a4b5a86694da7ea08be95072d5ee7806ab3eb34,test_anchor_hash=5149a289f16b71509a923ccede164e58540b035e8fc6d9bac3eb036949f0491f; probabilities missing,completed,verified_but_requires_repeat_normalization,,conditionally_eligible,complete repeated OOF; per-row repeat normalization and test probabilities are not materialized,exploratory,C,G2_common_anchor_exploratory,7e0e193730aa9d99536fdfe7bcd98581ec4bb8db9f568598bac7ff8ddad94ae5,,Physical OOF rows=20000; normalized coverage=10000. Source feature-bound train hash=78df89d83c4170c16d9cb691ca96c432c7e004ae036addc3141f13ec21847823.
rv2__v3_targeted_missingness__manual_lightgbm_te_v1_compat__20260729t070702417916z_38bbefe2,research_v2,LightGBM,manual_lightgbm_te_v1_compat,v3_targeted_missingness,exploratory,20260729T070702417916Z_38bbefe2,artifacts/research_v2/telecom_v3_development_r2x5_t3_v1_7648a8fc1f19/manual_v3_pipeline_v1_compat__manual_lightgbm_te_v1_compat/20260729T070702417916Z_38bbefe2,artifacts/research_v2/telecom_v3_development_r2x5_t3_v1_7648a8fc1f19/manual_v3_pipeline_v1_compat__manual_lightgbm_te_v1_compat/20260729T070702417916Z_38bbefe2/resolved_config.yaml,Research v2 nested threshold evaluation,0|17,2 repeat(s) x 5 outer folds; 3 threshold folds,0.897452514877,,0.1105,,available,20000,missing,,e583aadf66d2a2236811d1e171492899dd596e7fc40a7cee7138e90c16b50966,0e90ca9310a1df3e1858fb004a4b5a86694da7ea08be95072d5ee7806ab3eb34,test_anchor_hash=5149a289f16b71509a923ccede164e58540b035e8fc6d9bac3eb036949f0491f; probabilities missing,completed,verified_but_requires_repeat_normalization,,conditionally_eligible,complete repeated OOF; per-row repeat normalization and test probabilities are not materialized,exploratory,C,G2_common_anchor_exploratory,635c9fc0df67e9d317fdc0fde6fcc1fe4683ffc2aaa8b1908f453a86bb65a8e0,,Physical OOF rows=20000; normalized coverage=10000. Source feature-bound train hash=.
rv2__v3_targeted_missingness__manual_lightgbm_te_v1_compat__20260731t104108513421z_b9c1921b,research_v2,LightGBM,manual_lightgbm_te_v1_compat,v3_targeted_missingness,exploratory,20260731T104108513421Z_b9c1921b,artifacts/research_v2/v3_targeted_missingness__development_r2x5_t3_v1_dffc2b44d476/registered_prepared_passthrough_v1__manual_lightgbm_te_v1_compat/20260731T104108513421Z_b9c1921b,artifacts/research_v2/v3_targeted_missingness__development_r2x5_t3_v1_dffc2b44d476/registered_prepared_passthrough_v1__manual_lightgbm_te_v1_compat/20260731T104108513421Z_b9c1921b/resolved_config.yaml,Research v2 nested threshold evaluation,0|17,2 repeat(s) x 5 outer folds; 3 threshold folds,0.8979299549,,0.1075,,available,20000,missing,,e583aadf66d2a2236811d1e171492899dd596e7fc40a7cee7138e90c16b50966,0e90ca9310a1df3e1858fb004a4b5a86694da7ea08be95072d5ee7806ab3eb34,test_anchor_hash=5149a289f16b71509a923ccede164e58540b035e8fc6d9bac3eb036949f0491f; probabilities missing,completed,verified_but_requires_repeat_normalization,,conditionally_eligible,complete repeated OOF; per-row repeat normalization and test probabilities are not materialized,exploratory,C,G2_common_anchor_exploratory,364bbf991340f758afbd8583511d450de0946d8d653504b892a78b717b92d850,,Physical OOF rows=20000; normalized coverage=10000. Source feature-bound train hash=78df89d83c4170c16d9cb691ca96c432c7e004ae036addc3141f13ec21847823.
rv2__v3_targeted_missingness__xgboost_numeric_v1__20260729t191059296125z_55c26d5e,research_v2,XGBoost,xgboost_numeric_v1,v3_targeted_missingness,exploratory,20260729T191059296125Z_55c26d5e,artifacts/research_v2/telecom_v3_development_r2x5_t3_v1_7648a8fc1f19/manual_v3_pipeline_v1_compat__xgboost_numeric_v1/20260729T191059296125Z_55c26d5e,artifacts/research_v2/telecom_v3_development_r2x5_t3_v1_7648a8fc1f19/manual_v3_pipeline_v1_compat__xgboost_numeric_v1/20260729T191059296125Z_55c26d5e/resolved_config.yaml,Research v2 nested threshold evaluation,0|17,2 repeat(s) x 5 outer folds; 3 threshold folds,0.897987128728,,0.12,,available,20000,missing,,e583aadf66d2a2236811d1e171492899dd596e7fc40a7cee7138e90c16b50966,0e90ca9310a1df3e1858fb004a4b5a86694da7ea08be95072d5ee7806ab3eb34,test_anchor_hash=5149a289f16b71509a923ccede164e58540b035e8fc6d9bac3eb036949f0491f; probabilities missing,completed,verified_but_requires_repeat_normalization,,conditionally_eligible,complete repeated OOF; per-row repeat normalization and test probabilities are not materialized,exploratory,C,G2_common_anchor_exploratory,936c61d251a92d02d2109a4c333bcce482024de1f35550404eb763381433e0e4,,Physical OOF rows=20000; normalized coverage=10000. Source feature-bound train hash=.
rv2__v3_targeted_missingness__xgboost_numeric_v1__20260730t203532621398z_cadd4016,research_v2,XGBoost,xgboost_numeric_v1,v3_targeted_missingness,exploratory,20260730T203532621398Z_cadd4016,artifacts/research_v2/telecom_v3_smoke_r1x3_t2_v1_3f2b48395ef8/manual_v3_pipeline_v1_compat__xgboost_numeric_v1/20260730T203532621398Z_cadd4016,artifacts/research_v2/telecom_v3_smoke_r1x3_t2_v1_3f2b48395ef8/manual_v3_pipeline_v1_compat__xgboost_numeric_v1/20260730T203532621398Z_cadd4016/resolved_config.yaml,Research v2 nested threshold evaluation,0,1 repeat(s) x 3 outer folds; 2 threshold folds,0.892873210702,,0.158,,available,10000,missing,,e583aadf66d2a2236811d1e171492899dd596e7fc40a7cee7138e90c16b50966,0e90ca9310a1df3e1858fb004a4b5a86694da7ea08be95072d5ee7806ab3eb34,test_anchor_hash=5149a289f16b71509a923ccede164e58540b035e8fc6d9bac3eb036949f0491f; probabilities missing,completed,verified_but_requires_repeat_normalization,,ineligible,smoke protocol is diagnostic only,diagnostic_only,excluded,G2_common_anchor_exploratory,5e72ac9b064ddc8fb28145a4e8cb6ed4d16a36c2c30df29bda35ff56c602b4f6,,Physical OOF rows=10000; normalized coverage=10000. Source feature-bound train hash=.
rv2__v3_targeted_missingness__xgboost_numeric_v1__20260730t203724702087z_cadd4016,research_v2,XGBoost,xgboost_numeric_v1,v3_targeted_missingness,exploratory,20260730T203724702087Z_cadd4016,artifacts/research_v2/telecom_v3_development_r2x5_t3_v1_7648a8fc1f19/manual_v3_pipeline_v1_compat__xgboost_numeric_v1/20260730T203724702087Z_cadd4016,artifacts/research_v2/telecom_v3_development_r2x5_t3_v1_7648a8fc1f19/manual_v3_pipeline_v1_compat__xgboost_numeric_v1/20260730T203724702087Z_cadd4016/resolved_config.yaml,Research v2 nested threshold evaluation,0|17,2 repeat(s) x 5 outer folds; 3 threshold folds,0.893695346116,,0.1645,,available,20000,missing,,e583aadf66d2a2236811d1e171492899dd596e7fc40a7cee7138e90c16b50966,0e90ca9310a1df3e1858fb004a4b5a86694da7ea08be95072d5ee7806ab3eb34,test_anchor_hash=5149a289f16b71509a923ccede164e58540b035e8fc6d9bac3eb036949f0491f; probabilities missing,completed,verified_but_requires_repeat_normalization,,conditionally_eligible,complete repeated OOF; per-row repeat normalization and test probabilities are not materialized,exploratory,C,G2_common_anchor_exploratory,bfc7ac6a8ffa9878a2f9c4adb1abee3cd2fa952ed3a5b724c0d1e0752ebe6eac,,Physical OOF rows=20000; normalized coverage=10000. Source feature-bound train hash=.
rv2__v3_targeted_missingness__xgboost_numeric_v1__20260731t124718743783z_ae62f89e,research_v2,XGBoost,xgboost_numeric_v1,v3_targeted_missingness,exploratory,20260731T124718743783Z_ae62f89e,artifacts/research_v2/v3_targeted_missingness__development_r2x5_t3_v1_dffc2b44d476/registered_prepared_passthrough_v1__xgboost_numeric_v1/20260731T124718743783Z_ae62f89e,artifacts/research_v2/v3_targeted_missingness__development_r2x5_t3_v1_dffc2b44d476/registered_prepared_passthrough_v1__xgboost_numeric_v1/20260731T124718743783Z_ae62f89e/resolved_config.yaml,Research v2 nested threshold evaluation,0|17,2 repeat(s) x 5 outer folds; 3 threshold folds,0.897938988144,,0.0915,,available,20000,missing,,e583aadf66d2a2236811d1e171492899dd596e7fc40a7cee7138e90c16b50966,0e90ca9310a1df3e1858fb004a4b5a86694da7ea08be95072d5ee7806ab3eb34,test_anchor_hash=5149a289f16b71509a923ccede164e58540b035e8fc6d9bac3eb036949f0491f; probabilities missing,completed,verified_but_requires_repeat_normalization,,conditionally_eligible,complete repeated OOF; per-row repeat normalization and test probabilities are not materialized,exploratory,C,G2_common_anchor_exploratory,6f426de98e2933c6cf94567757e1d7949c731430f714ff5c39eabe3c18c53c6b,,Physical OOF rows=20000; normalized coverage=10000. Source feature-bound train hash=78df89d83c4170c16d9cb691ca96c432c7e004ae036addc3141f13ec21847823.
rv2__v4_zero_value_summary__catboost_numeric_v1__20260731t115542641844z_c886cec6,research_v2,CatBoost,catboost_numeric_v1,v4_zero_value_summary,none,20260731T115542641844Z_c886cec6,artifacts/research_v2/v4_zero_value_summary__development_r2x5_t3_v1_b95bf1048443/registered_prepared_passthrough_v1__catboost_numeric_v1/20260731T115542641844Z_c886cec6,artifacts/research_v2/v4_zero_value_summary__development_r2x5_t3_v1_b95bf1048443/registered_prepared_passthrough_v1__catboost_numeric_v1/20260731T115542641844Z_c886cec6/resolved_config.yaml,Research v2 nested threshold evaluation,0|17,2 repeat(s) x 5 outer folds; 3 threshold folds,0.884269596082,,0.16,,available,20000,missing,,e583aadf66d2a2236811d1e171492899dd596e7fc40a7cee7138e90c16b50966,0e90ca9310a1df3e1858fb004a4b5a86694da7ea08be95072d5ee7806ab3eb34,test_anchor_hash=5149a289f16b71509a923ccede164e58540b035e8fc6d9bac3eb036949f0491f; probabilities missing,completed,verified_but_requires_repeat_normalization,,conditionally_eligible,complete repeated OOF; per-row repeat normalization and test probabilities are not materialized,target_independent,C,G1_common_anchor_target_independent,ebe67219f1b40ccc7373e8ce157bb024a0c15954b7ab0678c8b17f03a1ac754a,,Physical OOF rows=20000; normalized coverage=10000. Source feature-bound train hash=d997a682fb374f2f8ee638c2a27bfbf3a31767d837e65eeb1ad8383ff844b111.
rv2__v4_zero_value_summary__manual_lightgbm_te_v1_compat__20260731t104324828044z_7fb532f7,research_v2,LightGBM,manual_lightgbm_te_v1_compat,v4_zero_value_summary,none,20260731T104324828044Z_7fb532f7,artifacts/research_v2/v4_zero_value_summary__development_r2x5_t3_v1_b95bf1048443/registered_prepared_passthrough_v1__manual_lightgbm_te_v1_compat/20260731T104324828044Z_7fb532f7,artifacts/research_v2/v4_zero_value_summary__development_r2x5_t3_v1_b95bf1048443/registered_prepared_passthrough_v1__manual_lightgbm_te_v1_compat/20260731T104324828044Z_7fb532f7/resolved_config.yaml,Research v2 nested threshold evaluation,0|17,2 repeat(s) x 5 outer folds; 3 threshold folds,0.896892563877,,0.098,,available,20000,missing,,e583aadf66d2a2236811d1e171492899dd596e7fc40a7cee7138e90c16b50966,0e90ca9310a1df3e1858fb004a4b5a86694da7ea08be95072d5ee7806ab3eb34,test_anchor_hash=5149a289f16b71509a923ccede164e58540b035e8fc6d9bac3eb036949f0491f; probabilities missing,completed,verified_but_requires_repeat_normalization,,conditionally_eligible,complete repeated OOF; per-row repeat normalization and test probabilities are not materialized,target_independent,C,G1_common_anchor_target_independent,25e2ca172a5e09402ff50e0bce56197cbfcec48bf5416eaece99cf82e7a5cee7,,Physical OOF rows=20000; normalized coverage=10000. Source feature-bound train hash=d997a682fb374f2f8ee638c2a27bfbf3a31767d837e65eeb1ad8383ff844b111.
rv2__v4_zero_value_summary__xgboost_numeric_v1__20260731t125105870850z_221cced9,research_v2,XGBoost,xgboost_numeric_v1,v4_zero_value_summary,none,20260731T125105870850Z_221cced9,artifacts/research_v2/v4_zero_value_summary__development_r2x5_t3_v1_b95bf1048443/registered_prepared_passthrough_v1__xgboost_numeric_v1/20260731T125105870850Z_221cced9,artifacts/research_v2/v4_zero_value_summary__development_r2x5_t3_v1_b95bf1048443/registered_prepared_passthrough_v1__xgboost_numeric_v1/20260731T125105870850Z_221cced9/resolved_config.yaml,Research v2 nested threshold evaluation,0|17,2 repeat(s) x 5 outer folds; 3 threshold folds,0.893529883515,,0.074,,available,20000,missing,,e583aadf66d2a2236811d1e171492899dd596e7fc40a7cee7138e90c16b50966,0e90ca9310a1df3e1858fb004a4b5a86694da7ea08be95072d5ee7806ab3eb34,test_anchor_hash=5149a289f16b71509a923ccede164e58540b035e8fc6d9bac3eb036949f0491f; probabilities missing,completed,verified_but_requires_repeat_normalization,,conditionally_eligible,complete repeated OOF; per-row repeat normalization and test probabilities are not materialized,target_independent,C,G1_common_anchor_target_independent,0bdc9b5a8fb36d0a16b32d950f852b66e8db7b2f5ee5bc04b6426f5757010478,,Physical OOF rows=20000; normalized coverage=10000. Source feature-bound train hash=d997a682fb374f2f8ee638c2a27bfbf3a31767d837e65eeb1ad8383ff844b111.
rv2__v5_joint_missingness_pattern__catboost_numeric_v1__20260731t120753827800z_3220a68f,research_v2,CatBoost,catboost_numeric_v1,v5_joint_missingness_pattern,none,20260731T120753827800Z_3220a68f,artifacts/research_v2/v5_joint_missingness_pattern__development_r2x5_t3_v1_9e257f222cfc/registered_prepared_passthrough_v1__catboost_numeric_v1/20260731T120753827800Z_3220a68f,artifacts/research_v2/v5_joint_missingness_pattern__development_r2x5_t3_v1_9e257f222cfc/registered_prepared_passthrough_v1__catboost_numeric_v1/20260731T120753827800Z_3220a68f/resolved_config.yaml,Research v2 nested threshold evaluation,0|17,2 repeat(s) x 5 outer folds; 3 threshold folds,0.883129204039,,0.1515,,available,20000,missing,,e583aadf66d2a2236811d1e171492899dd596e7fc40a7cee7138e90c16b50966,0e90ca9310a1df3e1858fb004a4b5a86694da7ea08be95072d5ee7806ab3eb34,test_anchor_hash=5149a289f16b71509a923ccede164e58540b035e8fc6d9bac3eb036949f0491f; probabilities missing,completed,verified_but_requires_repeat_normalization,,conditionally_eligible,complete repeated OOF; per-row repeat normalization and test probabilities are not materialized,target_independent,C,G1_common_anchor_target_independent,76cd7464b036247d8a300d3a3869e6206e39d5518e28743e414342d3ecfbf9e1,,Physical OOF rows=20000; normalized coverage=10000. Source feature-bound train hash=4031728c3d6580c1b4ceaa1a2b37618a6b7f534f3e8094a2b5c30e6295132a30.
rv2__v5_joint_missingness_pattern__manual_lightgbm_te_v1_compat__20260731t104606907853z_988689f2,research_v2,LightGBM,manual_lightgbm_te_v1_compat,v5_joint_missingness_pattern,none,20260731T104606907853Z_988689f2,artifacts/research_v2/v5_joint_missingness_pattern__development_r2x5_t3_v1_9e257f222cfc/registered_prepared_passthrough_v1__manual_lightgbm_te_v1_compat/20260731T104606907853Z_988689f2,artifacts/research_v2/v5_joint_missingness_pattern__development_r2x5_t3_v1_9e257f222cfc/registered_prepared_passthrough_v1__manual_lightgbm_te_v1_compat/20260731T104606907853Z_988689f2/resolved_config.yaml,Research v2 nested threshold evaluation,0|17,2 repeat(s) x 5 outer folds; 3 threshold folds,0.89925222361,,0.1095,0.8954,available,20000,available,2500,e583aadf66d2a2236811d1e171492899dd596e7fc40a7cee7138e90c16b50966,0e90ca9310a1df3e1858fb004a4b5a86694da7ea08be95072d5ee7806ab3eb34,test_anchor_hash=5149a289f16b71509a923ccede164e58540b035e8fc6d9bac3eb036949f0491f; ordered_row_position_hash=6f8d86365e60041769db51cc9287d7efe027afa20250251973af5d77d2bb2eeb; deployment identity verified,completed,verified_but_requires_repeat_normalization,,conditionally_eligible,complete repeated OOF and aligned deployment test probabilities; requires declared repeat normalization and candidate materialization,both,A,G1_common_anchor_target_independent,9f584ea62b9a4e9abb23a4866243484efb73074fc7a08c74d1b707afd8a68ed6,9c304bcec5ea340dab669d7f02ea794d93dce1b534bf2dafa3742a36cb28e280,Physical OOF rows=20000; normalized coverage=10000. Source feature-bound train hash=4031728c3d6580c1b4ceaa1a2b37618a6b7f534f3e8094a2b5c30e6295132a30.
rv2__v5_joint_missingness_pattern__xgboost_numeric_v1__20260731t125504407688z_89ae44d2,research_v2,XGBoost,xgboost_numeric_v1,v5_joint_missingness_pattern,none,20260731T125504407688Z_89ae44d2,artifacts/research_v2/v5_joint_missingness_pattern__development_r2x5_t3_v1_9e257f222cfc/registered_prepared_passthrough_v1__xgboost_numeric_v1/20260731T125504407688Z_89ae44d2,artifacts/research_v2/v5_joint_missingness_pattern__development_r2x5_t3_v1_9e257f222cfc/registered_prepared_passthrough_v1__xgboost_numeric_v1/20260731T125504407688Z_89ae44d2/resolved_config.yaml,Research v2 nested threshold evaluation,0|17,2 repeat(s) x 5 outer folds; 3 threshold folds,0.896865794628,,0.0865,,available,20000,missing,,e583aadf66d2a2236811d1e171492899dd596e7fc40a7cee7138e90c16b50966,0e90ca9310a1df3e1858fb004a4b5a86694da7ea08be95072d5ee7806ab3eb34,test_anchor_hash=5149a289f16b71509a923ccede164e58540b035e8fc6d9bac3eb036949f0491f; probabilities missing,completed,verified_but_requires_repeat_normalization,,conditionally_eligible,complete repeated OOF; per-row repeat normalization and test probabilities are not materialized,target_independent,C,G1_common_anchor_target_independent,a51239c5f2658bb6bce8261267e65dc6546413e87c9ec20a96cb7a93609feff2,,Physical OOF rows=20000; normalized coverage=10000. Source feature-bound train hash=4031728c3d6580c1b4ceaa1a2b37618a6b7f534f3e8094a2b5c30e6295132a30.
rv2__v6_compact_missingness_indicators__catboost_numeric_v1__20260731t122414993980z_83dfb292,research_v2,CatBoost,catboost_numeric_v1,v6_compact_missingness_indicators,none,20260731T122414993980Z_83dfb292,artifacts/research_v2/v6_compact_missingness_indicators__development_r2x5_t3_v1_98459da425ad/registered_prepared_passthrough_v1__catboost_numeric_v1/20260731T122414993980Z_83dfb292,artifacts/research_v2/v6_compact_missingness_indicators__development_r2x5_t3_v1_98459da425ad/registered_prepared_passthrough_v1__catboost_numeric_v1/20260731T122414993980Z_83dfb292/resolved_config.yaml,Research v2 nested threshold evaluation,0|17,2 repeat(s) x 5 outer folds; 3 threshold folds,0.886720910199,,0.149,,available,20000,missing,,e583aadf66d2a2236811d1e171492899dd596e7fc40a7cee7138e90c16b50966,0e90ca9310a1df3e1858fb004a4b5a86694da7ea08be95072d5ee7806ab3eb34,test_anchor_hash=5149a289f16b71509a923ccede164e58540b035e8fc6d9bac3eb036949f0491f; probabilities missing,completed,verified_but_requires_repeat_normalization,,conditionally_eligible,complete repeated OOF; per-row repeat normalization and test probabilities are not materialized,both,B,G1_common_anchor_target_independent,451b937a8b670cdb911cec42cfa49e650f18e2cc3ebf613ba276f0b6db64bdc1,,Physical OOF rows=20000; normalized coverage=10000. Source feature-bound train hash=16f8fa3bc69a40c73a4dfc6cc91ec3c5b3145d04253fbb6c529491e0e157972f.
rv2__v6_compact_missingness_indicators__manual_lightgbm_te_v1_compat__20260731t104758915570z_17b843fc,research_v2,LightGBM,manual_lightgbm_te_v1_compat,v6_compact_missingness_indicators,none,20260731T104758915570Z_17b843fc,artifacts/research_v2/v6_compact_missingness_indicators__development_r2x5_t3_v1_98459da425ad/registered_prepared_passthrough_v1__manual_lightgbm_te_v1_compat/20260731T104758915570Z_17b843fc,artifacts/research_v2/v6_compact_missingness_indicators__development_r2x5_t3_v1_98459da425ad/registered_prepared_passthrough_v1__manual_lightgbm_te_v1_compat/20260731T104758915570Z_17b843fc/resolved_config.yaml,Research v2 nested threshold evaluation,0|17,2 repeat(s) x 5 outer folds; 3 threshold folds,0.896349577751,,0.1025,,available,20000,missing,,e583aadf66d2a2236811d1e171492899dd596e7fc40a7cee7138e90c16b50966,0e90ca9310a1df3e1858fb004a4b5a86694da7ea08be95072d5ee7806ab3eb34,test_anchor_hash=5149a289f16b71509a923ccede164e58540b035e8fc6d9bac3eb036949f0491f; probabilities missing,completed,verified_but_requires_repeat_normalization,,conditionally_eligible,complete repeated OOF; per-row repeat normalization and test probabilities are not materialized,target_independent,C,G1_common_anchor_target_independent,b605d5c2e3692349272bea992bc1180d9e5bb94bf7fead8302a78d1f872a9708,,Physical OOF rows=20000; normalized coverage=10000. Source feature-bound train hash=16f8fa3bc69a40c73a4dfc6cc91ec3c5b3145d04253fbb6c529491e0e157972f.
rv2__v6_compact_missingness_indicators__xgboost_numeric_v1__20260731t125816227903z_347eb7d5,research_v2,XGBoost,xgboost_numeric_v1,v6_compact_missingness_indicators,none,20260731T125816227903Z_347eb7d5,artifacts/research_v2/v6_compact_missingness_indicators__development_r2x5_t3_v1_98459da425ad/registered_prepared_passthrough_v1__xgboost_numeric_v1/20260731T125816227903Z_347eb7d5,artifacts/research_v2/v6_compact_missingness_indicators__development_r2x5_t3_v1_98459da425ad/registered_prepared_passthrough_v1__xgboost_numeric_v1/20260731T125816227903Z_347eb7d5/resolved_config.yaml,Research v2 nested threshold evaluation,0|17,2 repeat(s) x 5 outer folds; 3 threshold folds,0.897890517076,,0.0875,,available,20000,missing,,e583aadf66d2a2236811d1e171492899dd596e7fc40a7cee7138e90c16b50966,0e90ca9310a1df3e1858fb004a4b5a86694da7ea08be95072d5ee7806ab3eb34,test_anchor_hash=5149a289f16b71509a923ccede164e58540b035e8fc6d9bac3eb036949f0491f; probabilities missing,completed,verified_but_requires_repeat_normalization,,conditionally_eligible,complete repeated OOF; per-row repeat normalization and test probabilities are not materialized,both,A,G1_common_anchor_target_independent,4c55943498273bfaa4d4dbcd195afe367c14c7b5045adf49da6d64e4d63890bb,,Physical OOF rows=20000; normalized coverage=10000. Source feature-bound train hash=16f8fa3bc69a40c73a4dfc6cc91ec3c5b3145d04253fbb6c529491e0e157972f.
rv2__v7_compact_zero_indicators__catboost_numeric_v1__20260731t123227074609z_4202afdd,research_v2,CatBoost,catboost_numeric_v1,v7_compact_zero_indicators,none,20260731T123227074609Z_4202afdd,artifacts/research_v2/v7_compact_zero_indicators__development_r2x5_t3_v1_dc46c5d121d3/registered_prepared_passthrough_v1__catboost_numeric_v1/20260731T123227074609Z_4202afdd,artifacts/research_v2/v7_compact_zero_indicators__development_r2x5_t3_v1_dc46c5d121d3/registered_prepared_passthrough_v1__catboost_numeric_v1/20260731T123227074609Z_4202afdd/resolved_config.yaml,Research v2 nested threshold evaluation,0|17,2 repeat(s) x 5 outer folds; 3 threshold folds,0.88582959335,,0.146,,available,20000,missing,,e583aadf66d2a2236811d1e171492899dd596e7fc40a7cee7138e90c16b50966,0e90ca9310a1df3e1858fb004a4b5a86694da7ea08be95072d5ee7806ab3eb34,test_anchor_hash=5149a289f16b71509a923ccede164e58540b035e8fc6d9bac3eb036949f0491f; probabilities missing,completed,verified_but_requires_repeat_normalization,,conditionally_eligible,complete repeated OOF; per-row repeat normalization and test probabilities are not materialized,target_independent,C,G1_common_anchor_target_independent,6e625da695a57a7f8973ff03532639c968f77fe9eab843d8d30b2e193eb256f7,,Physical OOF rows=20000; normalized coverage=10000. Source feature-bound train hash=79e0f1559e9109e3d5a2a44047cadfe6b731f4b2145a944ede18504f9be1b07d.
rv2__v7_compact_zero_indicators__manual_lightgbm_te_v1_compat__20260731t105046814598z_a7dc3d64,research_v2,LightGBM,manual_lightgbm_te_v1_compat,v7_compact_zero_indicators,none,20260731T105046814598Z_a7dc3d64,artifacts/research_v2/v7_compact_zero_indicators__development_r2x5_t3_v1_dc46c5d121d3/registered_prepared_passthrough_v1__manual_lightgbm_te_v1_compat/20260731T105046814598Z_a7dc3d64,artifacts/research_v2/v7_compact_zero_indicators__development_r2x5_t3_v1_dc46c5d121d3/registered_prepared_passthrough_v1__manual_lightgbm_te_v1_compat/20260731T105046814598Z_a7dc3d64/resolved_config.yaml,Research v2 nested threshold evaluation,0|17,2 repeat(s) x 5 outer folds; 3 threshold folds,0.898168344427,,0.113,,available,20000,missing,,e583aadf66d2a2236811d1e171492899dd596e7fc40a7cee7138e90c16b50966,0e90ca9310a1df3e1858fb004a4b5a86694da7ea08be95072d5ee7806ab3eb34,test_anchor_hash=5149a289f16b71509a923ccede164e58540b035e8fc6d9bac3eb036949f0491f; probabilities missing,completed,verified_but_requires_repeat_normalization,,conditionally_eligible,complete repeated OOF; per-row repeat normalization and test probabilities are not materialized,target_independent,C,G1_common_anchor_target_independent,cfaf58ca835327de4c8964bcf3147711cffc508628f3f6af00431e348be4378c,,Physical OOF rows=20000; normalized coverage=10000. Source feature-bound train hash=79e0f1559e9109e3d5a2a44047cadfe6b731f4b2145a944ede18504f9be1b07d.
rv2__v7_compact_zero_indicators__xgboost_numeric_v1__20260731t130120592199z_2b2a71ab,research_v2,XGBoost,xgboost_numeric_v1,v7_compact_zero_indicators,none,20260731T130120592199Z_2b2a71ab,artifacts/research_v2/v7_compact_zero_indicators__development_r2x5_t3_v1_dc46c5d121d3/registered_prepared_passthrough_v1__xgboost_numeric_v1/20260731T130120592199Z_2b2a71ab,artifacts/research_v2/v7_compact_zero_indicators__development_r2x5_t3_v1_dc46c5d121d3/registered_prepared_passthrough_v1__xgboost_numeric_v1/20260731T130120592199Z_2b2a71ab/resolved_config.yaml,Research v2 nested threshold evaluation,0|17,2 repeat(s) x 5 outer folds; 3 threshold folds,0.895754154742,,0.084,,available,20000,missing,,e583aadf66d2a2236811d1e171492899dd596e7fc40a7cee7138e90c16b50966,0e90ca9310a1df3e1858fb004a4b5a86694da7ea08be95072d5ee7806ab3eb34,test_anchor_hash=5149a289f16b71509a923ccede164e58540b035e8fc6d9bac3eb036949f0491f; probabilities missing,completed,verified_but_requires_repeat_normalization,,conditionally_eligible,complete repeated OOF; per-row repeat normalization and test probabilities are not materialized,target_independent,C,G1_common_anchor_target_independent,695203cb66cf3a5f018731cb271735236e87145ea681744fa2d1ea78e77289a2,,Physical OOF rows=20000; normalized coverage=10000. Source feature-bound train hash=79e0f1559e9109e3d5a2a44047cadfe6b731f4b2145a944ede18504f9be1b07d.
